CÓDIGO,NOMBRE,MODALIDAD,CATEGORIA,DIRECCIÓN,LOCALIDAD,ZONA,PLAZAS,COORDENADAS
UAT00704,22 Caldereros,Apartamento Turístico,Segunda/2 Llaves,Calle Caldereria 22 2º,PAMPLONA,Cuenca de Pamplona,3.0,"(42.81825260000001, -1.6420324)"
UH000678,A Pamplona,Hotel,2 Estrellas,Calle Sancho Ramirez 15,PAMPLONA,Cuenca de Pamplona,24.0,"(42.8072773, -1.6649481)"
UH000645,Abba Reino de Navarra,Hotel,4 Estrellas,Calle Acella 1,PAMPLONA,Cuenca de Pamplona,176.0,"(42.8085463, -1.6607907)"
UHS00856,Abodi II,Hostal,HsG,Calle Sancho Ramírez 31,PAMPLONA,Cuenca de Pamplona,8.0,"(42.8082357, -1.6662554)"
UH000503,AC Ciudad de Pamplona,Hotel,4 Estrellas,Iturrama 21,PAMPLONA,Cuenca de Pamplona,178.0,"(42.8045626, -1.6524894)"
UHS00758,Acella 4,Hostal,HsG,Pintor Paret 2 2º E,PAMPLONA,Cuenca de Pamplona,16.0,"(42.80842699999999, -1.6604504)"
UPE00655,Acella II,Pensión,P**,Travesía Acella 3 ,PAMPLONA,Cuenca de Pamplona,7.0,"(42.8063859, -1.6633542)"
UAB00106,Albergue Plaza Catedral,Albergue turístico,del Camino de Santiago,Calle Navarreria 35,PAMPLONA,Cuenca de Pamplona,45.0,"(42.8196562, -1.6420518)"
UH000652,Albret,Hotel,4 Estrellas,Ermitagaña 3,PAMPLONA,Cuenca de Pamplona,212.0,"(42.8097535, -1.669261)"
UAT00671,Alisol,Apartamento Turístico,Tercera/1 Llave,Calle San Gregorio 14,PAMPLONA,Cuenca de Pamplona,2.0,"(40.4241122, -3.6969734)"
UH000880,Alma Pamplona,Hotel,5 Estrellas,Calle Beloso Bajo 11,PAMPLONA,Cuenca de Pamplona,118.0,"(42.8197515, -1.6239049)"
UAT00386,Aloha,Apartamento Turístico,Segunda/2 Llaves,Pl. del Castillo 49 4ºA,PAMPLONA,Cuenca de Pamplona,6.0,"(42.8175568, -1.6429613)"
UAB00060,Aloha Hostel,Albergue turístico,2ª Categoria,Sangüesa 2 -1º,PAMPLONA,Cuenca de Pamplona,26.0,"(42.5767441, -1.2851532)"
UAT00544,Alojamientos Olga,Apartamento Turístico,Tercera/1 Llave,Av. Pio XII 32,PAMPLONA,Cuenca de Pamplona,6.0,"(42.8063562, -1.6619065)"
UHS00824,Alojamientos Pamplona,Hostal,HsG,Calle Sancho Ramírez 7,PAMPLONA,Cuenca de Pamplona,11.0,"(42.1374328, -0.4051738)"
UAT00617,Alojamientos Pamplona 5,Apartamento Turístico,Tercera/1 Llave,Calle Sancho Ramírez 31,PAMPLONA,Cuenca de Pamplona,7.0,"(42.8082357, -1.6662554)"
UAT00561,Altalea,Apartamento Turístico,Segunda/2 Llaves,Mercaderes  31 6º,PAMPLONA,Cuenca de Pamplona,2.0,"(42.8186914, -1.6428518)"
UAT00329,Ambiente Histórico en Casco Viejo,Apartamento Turístico,Tercera/1 Llave,Tejeria 7 4º,PAMPLONA,Cuenca de Pamplona,4.0,"(19.1734082, -96.2229948)"
UAT01028,Anamar,Apartamento Turístico,Primera/3 Llaves,Calle Zapatería 7 1º,PAMPLONA,Cuenca de Pamplona,4.0,"(41.5014195, -5.7464561)"
UAT00569,Ansoleaga 25,Apartamento Turístico,Segunda/2 Llaves,Florencio Ansoleaga  25 1º,PAMPLONA,Cuenca de Pamplona,7.0,"(42.8177134, -1.6449143)"
UAT00919,Antique Pamplona Apartments 001,Apartamento Turístico,Tercera/1 Llave,Dormitalería 18,PAMPLONA,Cuenca de Pamplona,2.0,"(42.8191138, -1.6412975)"
UAT00409,Antón,Apartamento Turístico,Tercera/1 Llave,San Antón  59 1º Dcha,PAMPLONA,Cuenca de Pamplona,4.0,"(40.2414307, -3.7682513)"
UHS00746,Arriazu,Hostal,HsG,Calle Comedias 14 ,PAMPLONA,Cuenca de Pamplona,43.0,"(42.8163203, -1.6437566)"
UAT00614,Atico Centro,Apartamento Turístico,Primera/3 Llaves,Zaragoza 29 8º,PAMPLONA,Cuenca de Pamplona,2.0,"(41.6488226, -0.8890853)"
UAT00637,Atico Estafeta,Apartamento Turístico,Segunda/2 Llaves,Calle de la Estafeta 31,PAMPLONA,Cuenca de Pamplona,1.0,"(40.3719395, -3.6920885)"
UAT00501,Ático Río Ega,Apartamento Turístico,Primera/3 Llaves,Río Ega 26,PAMPLONA,Cuenca de Pamplona,4.0,"(42.8049216, -1.6457672)"
UAT00651,Auzolan,Apartamento Turístico,Tercera/1 Llave,Cendear de Zizur 11 Bajo Iz,PAMPLONA,Cuenca de Pamplona,6.0,"(42.7855575, -1.6882181)"
UH000592,Avenida,Hotel,3 Estrellas,Zaragoza 5,PAMPLONA,Cuenca de Pamplona,48.0,"(41.6488226, -0.8890853)"
UAT00463,Ayla Ayuntamiento,Apartamento Turístico,Segunda/2 Llaves,Calle Nueva 5,PAMPLONA,Cuenca de Pamplona,2.0,"(39.9681972, -4.300491)"
UAT00732,Ayuntasquare,Apartamento Turístico,Tercera/1 Llave,Calceteros 2 5º B,PAMPLONA,Cuenca de Pamplona,2.0,"(42.8179406, -1.6437737)"
UAT00458,Balcón del Encierro,Apartamento Turístico,Tercera/1 Llave,Santo Domingo 29 4º,PAMPLONA,Cuenca de Pamplona,5.0,"(18.4860575, -69.93121169999999)"
UHS00148,Bearán,Hostal,HsG,Calle San Nicolás 25,PAMPLONA,Cuenca de Pamplona,29.0,"(37.9862674, -1.1356565)"
UAT00541,Bee Happy Erletokieta,Apartamento Turístico,Primera/3 Llaves,Escaleras Erletokieta 8,PAMPLONA,Cuenca de Pamplona,5.0,"(42.8063155, -1.6451846)"
UAT00994,"Bergamín, en pleno centro de Pamplona",Apartamento Turístico,Segunda/2 Llaves,Bergamín 8 1º izda,PAMPLONA,Cuenca de Pamplona,4.0,"(42.8106738, -1.6393959)"
UAT00266,Berria,Apartamento Turístico,Segunda/2 Llaves,Calle Nueva 111,PAMPLONA,Cuenca de Pamplona,4.0,"(42.8161499, -1.6471374)"
UH000606,Blanca de Navarra,Hotel,4 Estrellas,Av. de Pío XII 43,PAMPLONA,Cuenca de Pamplona,204.0,"(40.4647193, -3.6759661)"
UAT00411,Blanco Rojo,Apartamento Turístico,Primera/3 Llaves,Calle Navas de Tolosa 11,PAMPLONA,Cuenca de Pamplona,3.0,"(42.8152341, -1.6481961)"
UAT00649,Buen Camino,Apartamento Turístico,Segunda/2 Llaves,Calle Navarreria 27 1º Dcha,PAMPLONA,Cuenca de Pamplona,4.0,"(42.8196199, -1.642544)"
UAT00988,Calderería Apartment,Apartamento Turístico,Tercera/1 Llave,Calle Calderería 20,PAMPLONA,Cuenca de Pamplona,3.0,"(37.17793810000001, -3.5965656)"
UAT00585,Calderería I,Apartamento Turístico,Segunda/2 Llaves,Calle Calderería  36,PAMPLONA,Cuenca de Pamplona,2.0,"(42.8180073, -1.6417368)"
UAT00678,Capricho Nago,Apartamento Turístico,Tercera/1 Llave,Calle San Gregorio 17,PAMPLONA,Cuenca de Pamplona,2.0,"(40.4240012, -3.6972318)"
UAT00669,Carmen,Apartamento Turístico,Segunda/2 Llaves,Del Carmen 25 2º C,PAMPLONA,Cuenca de Pamplona,4.0,"(20.6295586, -87.0738851)"
UAT01042,Carpe Diem,Apartamento Turístico,Lujo/4 Llaves,Navarro Villoslada 18 Bajo,PAMPLONA,Cuenca de Pamplona,5.0,"(42.81100319999999, -1.6430621)"
UAT00570,Casa Ana Mari I,Apartamento Turístico,Tercera/1 Llave,Calle Calderería 16 3º,PAMPLONA,Cuenca de Pamplona,2.0,"(42.8183014, -1.6421742)"
UAT00426,Casa de los Sanfermines,Apartamento Turístico,Tercera/1 Llave,Plaza Consistorial 1,PAMPLONA,Cuenca de Pamplona,4.0,"(42.8181555, -1.6437199)"
UAT00574,Casa Iruña,Apartamento Turístico,Tercera/1 Llave,Calle Calderería 30,PAMPLONA,Cuenca de Pamplona,2.0,"(37.177942, -3.596342399999999)"
UAT00640,Casco Historico Pamplona,Apartamento Turístico,Tercera/1 Llave,Tejeria 40 3ºD,PAMPLONA,Cuenca de Pamplona,4.0,"(19.1734082, -96.2229948)"
UH000789,Castillo de Javier,Hotel,1 Estrella,"Calle San Nicolás, 50",PAMPLONA,Cuenca de Pamplona,22.0,"(42.8162167, -1.6448845)"
UAT00537,Center Pamplona Apartment,Apartamento Turístico,Primera/3 Llaves,Mañueta 7 1º,PAMPLONA,Cuenca de Pamplona,2.0,"(42.8190299, -1.6434273)"
UAT00608,Centro,Apartamento Turístico,Segunda/2 Llaves,Calle San Gregorio 18,PAMPLONA,Cuenca de Pamplona,3.0,"(38.3678442, -0.5046107)"
UAT01013,Centro Histórico,Apartamento Turístico,Tercera/1 Llave,Joaquín Jarauta 79 1º izda,PAMPLONA,Cuenca de Pamplona,4.0,"(42.8181778, -1.6483638)"
UAT00688,Cerca del Centro,Apartamento Turístico,Tercera/1 Llave,Av. Marcelo Celayeta 49,PAMPLONA,Cuenca de Pamplona,4.0,"(42.8268571, -1.652445)"
UAT00476,Charming Heritage Home,Apartamento Turístico,Tercera/1 Llave,Calle Zapatería 58,PAMPLONA,Cuenca de Pamplona,6.0,"(42.8169233, -1.6450566)"
UAT00622,City Center Apartment,Apartamento Turístico,Segunda/2 Llaves,Calle Leyre 20,PAMPLONA,Cuenca de Pamplona,1.0,"(42.8134875, -1.6403674)"
UAT00733,Consistorio House 2,Apartamento Turístico,Segunda/2 Llaves,Calceteros 2 5º A,PAMPLONA,Cuenca de Pamplona,2.0,"(42.8179406, -1.6437737)"
UAT00750,Dormitaleria 22,Apartamento Turístico,Tercera/1 Llave,Dormitaleria 22 5º,PAMPLONA,Cuenca de Pamplona,2.0,"(42.8190096, -1.6412196)"
UAT00371,Downtown I,Apartamento Turístico,Segunda/2 Llaves,Calle San Nicolás 4 ,PAMPLONA,Cuenca de Pamplona,6.0,"(28.1023007, -15.4169835)"
UPE00885,El Camino Urban Rooms,Pensión,P*,Calle San Gregorio 12,PAMPLONA,Cuenca de Pamplona,20.0,"(42.8157012, -1.6459866)"
UAT00654,El Desván de San Antón,Apartamento Turístico,Primera/3 Llaves,Calle de San Antón 28 5º,PAMPLONA,Cuenca de Pamplona,4.0,"(40.4228745, -3.6982822)"
UAT01019,El Mirador de la Cuesta de Santo Domingo,Apartamento Turístico,Primera/3 Llaves,Cuesta Santo Domingo 35 1º,PAMPLONA,Cuenca de Pamplona,2.0,"(42.8188821, -1.6453988)"
UAT00621,El Mirador de la Estafeta,Apartamento Turístico,Tercera/1 Llave,Calle de la Estafeta 5,PAMPLONA,Cuenca de Pamplona,2.0,"(42.8183219, -1.6427337)"
UAT01021,El Oasis de la Estafeta,Apartamento Turístico,Primera/3 Llaves,Calle de la Estafeta 63,PAMPLONA,Cuenca de Pamplona,2.0,"(42.8168252, -1.6415939)"
UPE00637,El Paseo,Pensión,P**,Paseo de Pablo Sarasate Pasalekua 30,PAMPLONA,Cuenca de Pamplona,11.0,"(42.8152901, -1.6459576)"
UAT01102,El Rincón de los sueños,Apartamento Turístico,Segunda/2 Llaves,San Antón 73 1º,PAMPLONA,Cuenca de Pamplona,2.0,"(40.2434604, -3.7674374)"
UAT00719,En el centro de  Mercaderes II,Apartamento Turístico,Segunda/2 Llaves,Mercaderes 8 4º,PAMPLONA,Cuenca de Pamplona,2.0,"(42.4677227, -2.445485300000001)"
UAT00661,En el centro de Mercaderes,Apartamento Turístico,Segunda/2 Llaves,Mercaderes 8 3º,PAMPLONA,Cuenca de Pamplona,2.0,"(42.4677227, -2.445485300000001)"
UAT00603,Englantina,Apartamento Turístico,Segunda/2 Llaves,Compañia 2 1º IZ,PAMPLONA,Cuenca de Pamplona,4.0,"(36.5308425, -6.2965162)"
UPE00521,Eslava,Pensión,P*,Calle Eslava 13 1º,PAMPLONA,Cuenca de Pamplona,17.0,"(36.713465, -4.4307949)"
UAT00346,Estafeta,Apartamento Turístico,Tercera/1 Llave,Calle de la Estafeta 22,PAMPLONA,Cuenca de Pamplona,3.0,"(42.8178567, -1.6425493)"
UAT00726,Estafeta 12,Apartamento Turístico,Primera/3 Llaves,Calle de la Estafeta 12,PAMPLONA,Cuenca de Pamplona,2.0,"(40.374109, -3.6938056)"
UAT00598,Estafeta 37,Apartamento Turístico,Segunda/2 Llaves,Calle de la Estafeta 37,PAMPLONA,Cuenca de Pamplona,3.0,"(42.817628, -1.6421769)"
UAT00535,Estafeta 39,Apartamento Turístico,Primera/3 Llaves,Calle de la Estafeta 39,PAMPLONA,Cuenca de Pamplona,5.0,"(42.8175782, -1.6420895)"
UAT00539,Estafeta/Casco Antiguo,Apartamento Turístico,Tercera/1 Llave,Calle de la Estafeta 75,PAMPLONA,Cuenca de Pamplona,2.0,"(42.8165242, -1.641424)"
UAT00263,Estela,Apartamento Turístico,Segunda/2 Llaves,Travesía Acella 7 ,PAMPLONA,Cuenca de Pamplona,8.0,"(42.8072572, -1.6638035)"
UPE00939,Estela,Pensión,P*,Calle Sancho Ramirez  9,PAMPLONA,Cuenca de Pamplona,8.0,"(42.8073889, -1.6639633)"
UPE00941,Estela II,Pensión,P*,Calle Sancho Ramirez 5 ,PAMPLONA,Cuenca de Pamplona,8.0,"(42.8072373, -1.66378)"
UAT00584,Etxea Rentals,Apartamento Turístico,Tercera/1 Llave,Juan Mª Guelbenzu 4 1ºD,PAMPLONA,Cuenca de Pamplona,6.0,"(42.8064675, -1.636943)"
UH000003,Europa,Hotel,3 Estrellas,Espoz y Mina 11,PAMPLONA,Cuenca de Pamplona,38.0,"(42.8162102, -1.6417963)"
UHS00936,Ezkaba,Hostal,HsG,Guipuzcoa 40 Oficina 1,PAMPLONA,Cuenca de Pamplona,12.0,"(43.3060583, -1.9800084)"
UAT00519,Frente a Catedral,Apartamento Turístico,Tercera/1 Llave,Dormitaleria 10 1º,PAMPLONA,Cuenca de Pamplona,2.0,"(42.819304, -1.6416331)"
UAT00609,G & A,Apartamento Turístico,Tercera/1 Llave,Calle Calderería 1,PAMPLONA,Cuenca de Pamplona,3.0,"(37.1777623, -3.5975745)"
UAT00575,G&A III,Apartamento Turístico,Tercera/1 Llave,Calle Calderería 5,PAMPLONA,Cuenca de Pamplona,2.0,"(36.7219985, -4.4206879)"
UPE00817,Gestión de Alojamientos,Pensión,P*,Av. de Pío XII 34,PAMPLONA,Cuenca de Pamplona,6.0,"(40.4668743, -3.6742675)"
UPE00818,Gestión de Alojamientos I,Pensión,P*,Av. de Pío XII 26,PAMPLONA,Cuenca de Pamplona,4.0,"(40.4664286, -3.6745449)"
UPE00819,Gestión de Alojamientos II,Pensión,P*,Travesía Acella 3 ,PAMPLONA,Cuenca de Pamplona,8.0,"(42.8063859, -1.6633542)"
UAT00131,Gestión de alojamientos II,Apartamento Turístico,Primera/3 Llaves,Pintor Paret 5 6ºA,PAMPLONA,Cuenca de Pamplona,6.0,"(42.8076818, -1.6611705)"
UAT00132,Gestión de alojamientos III,Apartamento Turístico,Primera/3 Llaves,Pintor Paret 2 6ºD,PAMPLONA,Cuenca de Pamplona,4.0,"(42.80842699999999, -1.6604504)"
UAT00133,Gestión de alojamientos IV,Apartamento Turístico,Primera/3 Llaves,Av. de Pío XII 24,PAMPLONA,Cuenca de Pamplona,3.0,"(42.8079065, -1.660234)"
UAT00356,Gestión de Alojamientos IX,Apartamento Turístico,Primera/3 Llaves,Pintor Paret 1 3ºC,PAMPLONA,Cuenca de Pamplona,4.0,"(42.8083234, -1.6602729)"
UAT00134,Gestión de alojamientos V,Apartamento Turístico,Primera/3 Llaves,Av. de Pío XII 26,PAMPLONA,Cuenca de Pamplona,2.0,"(40.4664286, -3.6745449)"
UAT00135,Gestión de Alojamientos VI,Apartamento Turístico,Primera/3 Llaves,Av. de Pío XII 24,PAMPLONA,Cuenca de Pamplona,2.0,"(42.8079065, -1.660234)"
UAT00364,Gestión de Alojamientos VII,Apartamento Turístico,Primera/3 Llaves,Pintor Paret 2 3º C,PAMPLONA,Cuenca de Pamplona,4.0,"(42.80842699999999, -1.6604504)"
UAT00365,Gestión de Alojamientos X,Apartamento Turístico,Primera/3 Llaves,Av. de Pío XII 30,PAMPLONA,Cuenca de Pamplona,7.0,"(40.466666, -3.6744329)"
UAT00357,Gestión de Alojamientos XI,Apartamento Turístico,Primera/3 Llaves,Pintor Paret 1 3ºE,PAMPLONA,Cuenca de Pamplona,8.0,"(42.8083234, -1.6602729)"
UAT00379,Gestión de Alojamientos XII,Apartamento Turístico,Primera/3 Llaves,Pintor Maeztu 10 5º A,PAMPLONA,Cuenca de Pamplona,5.0,"(42.8065418, -1.6598658)"
UAT00723,Gestion de Alojamientos XIX,Apartamento Turístico,Primera/3 Llaves,Av. de Pío XII 28,PAMPLONA,Cuenca de Pamplona,3.0,"(40.46646459999999, -3.6747149)"
UAT00729,Gestion de Alojamientos XVII,Apartamento Turístico,Segunda/2 Llaves,Calle Sancho Ramirez 3,PAMPLONA,Cuenca de Pamplona,2.0,"(42.8072955, -1.6636688)"
UAT00747,Gestión De Alojamientos XX,Apartamento Turístico,Primera/3 Llaves,Pintor Paret 5 Esc.Iza. 6ºA,PAMPLONA,Cuenca de Pamplona,3.0,"(42.8076818, -1.6611705)"
UAT00740,Gestión De Alojamientos XXI,Apartamento Turístico,Primera/3 Llaves,"Pintor Paret  5 Esca, Izda, 4º",PAMPLONA,no definida,2.0,"(42.8076818, -1.6611705)"
UAT00744,Gestión De Alojamientos XXII,Apartamento Turístico,Segunda/2 Llaves,"Pintor Paret 5 Esc, Izda, 3º B",PAMPLONA,Cuenca de Pamplona,2.0,"(42.8076818, -1.6611705)"
UAT00739,Gestión De Alojamientos XXIII,Apartamento Turístico,Primera/3 Llaves,Pintor Paret  5 Esc. Izda 7 º A,PAMPLONA,Cuenca de Pamplona,5.0,"(42.8076818, -1.6611705)"
UAT00738,Gestión De Alojamientos XXIV,Apartamento Turístico,Primera/3 Llaves,Pío XII 26,PAMPLONA,Cuenca de Pamplona,8.0,"(42.8076683, -1.6604763)"
UAT00742,Gestión De Alojamientos XXIX,Apartamento Turístico,Segunda/2 Llaves,Calle Sancho Ramirez 1,PAMPLONA,Cuenca de Pamplona,4.0,"(42.8066239, -1.661705)"
UAT00746,Gestión De Alojamientos XXV,Apartamento Turístico,Primera/3 Llaves,Pintor Paret 3 4º Izda,PAMPLONA,Cuenca de Pamplona,4.0,"(42.808515, -1.6607047)"
UAT00745,Gestión De Alojamientos XXVI,Apartamento Turístico,Primera/3 Llaves,Pio XXII 24 ESC. IZDA 6º D,PAMPLONA,Cuenca de Pamplona,4.0,"(40.4662046, -3.6747676)"
UAT00741,Gestión De Alojamientos XXVII,Apartamento Turístico,Segunda/2 Llaves,La Rioja  1 3º F,PAMPLONA,Cuenca de Pamplona,6.0,"(42.2870733, -2.539603)"
UAT00743,Gestión De Alojamientos XXVIII,Apartamento Turístico,Primera/3 Llaves,Pintor Paret 4 3º C,PAMPLONA,Cuenca de Pamplona,3.0,"(42.8082378, -1.6609106)"
UH000023,Gran Hotel La Perla,Hotel,5 Estrellas,del Castillo 1,PAMPLONA,Cuenca de Pamplona,87.0,"(29.89786179999999, -81.31151870000001)"
UAT00685,Hemingway,Apartamento Turístico,Segunda/2 Llaves,Joaquin Jarauta 46 1º,PAMPLONA,Cuenca de Pamplona,2.0,"(42.8187279, -1.6470172)"
UAT00791,Hogar de San Fermín,Apartamento Turístico,Primera/3 Llaves,Santo Domingo  27 Bis 1º,PAMPLONA,Cuenca de Pamplona,2.0,"(18.4860575, -69.93121169999999)"
UAT00986,Home Sweet home - Main St Pamplona,Apartamento Turístico,Tercera/1 Llave,Calle Mayor 46,PAMPLONA,Cuenca de Pamplona,8.0,"(40.4160472, -3.709144)"
UAT01029,Ibarrenea,Apartamento Turístico,Segunda/2 Llaves,Calle de San Antón 29,PAMPLONA,Cuenca de Pamplona,2.0,"(40.4230169, -3.6984903)"
UAT01011,Irati,Apartamento Turístico,Tercera/1 Llave,Río Araxes 5 1º Dcha,PAMPLONA,Cuenca de Pamplona,8.0,"(42.8040928, -1.6426389)"
UAT00295,Iruña,Apartamento Turístico,Segunda/2 Llaves,Travesía Acella 7 4ºB,PAMPLONA,Cuenca de Pamplona,8.0,"(42.8072572, -1.6638035)"
UAT00406,Iruña II,Apartamento Turístico,Segunda/2 Llaves,Pío XIi 30 Esc Dcha 7ºA,PAMPLONA,Cuenca de Pamplona,4.0,"(42.8082167, -1.659613)"
UH000027,Iruña Palace. Tres Reyes,Hotel,4 Estrellas,Paseo de la Taconera S/N,PAMPLONA,Cuenca de Pamplona,336.0,"(42.8169877, -1.6513931)"
UAT01018,Irunlarrea,Apartamento Turístico,Tercera/1 Llave,Irunlarrea 8 Bis-1º F,PAMPLONA,Cuenca de Pamplona,4.0,"(42.8077714, -1.6693528)"
UAT01012,Isaac,Apartamento Turístico,Tercera/1 Llave,Isaac Albéniz 2 1º Dcha,PAMPLONA,Cuenca de Pamplona,5.0,"(40.4464664, -3.8614343)"
UAT00596,Jarauta,Apartamento Turístico,Tercera/1 Llave,Joaquin Jarauta 18 3º D,PAMPLONA,Cuenca de Pamplona,3.0,"(42.8186898, -1.645645)"
UAB00079,Jesús y María,Albergue turístico,del Camino de Santiago,Compañia 4,PAMPLONA,Cuenca de Pamplona,112.0,"(37.1266813, -96.18398210000001)"
UAT00369,Juanito´s Apartments,Apartamento Turístico,Primera/3 Llaves,Calle de la Estafeta 83,PAMPLONA,Cuenca de Pamplona,4.0,"(42.8162419, -1.6412106)"
UAT00668,La Merced,Apartamento Turístico,Tercera/1 Llave,Calle de la Merced 27,PAMPLONA,Cuenca de Pamplona,3.0,"(19.313589, -99.03979249999999)"
UAT00185,"La Montañesa I, II y III",Apartamento Turístico,Segunda/2 Llaves,Calle San Gregorio 2,PAMPLONA,Cuenca de Pamplona,8.0,"(42.4683159, -2.4463872)"
upe00694,La Residencia,Pensión,P*,Bergamín 45 4º Dcha,PAMPLONA,Cuenca de Pamplona,12.0,"(42.8088851, -1.6370921)"
upe00721,La Residencia 2,Pensión,P*,Roncesvalles 2 5º Dcha,PAMPLONA,Cuenca de Pamplona,12.0,"(43.0091774, -1.31951)"
upe00740,La Residencia 3,Pensión,P*,"Iturralde y Suit, 1 1º centro 0",PAMPLONA,Cuenca de Pamplona,9.0,"(42.8113892, -1.6333088)"
UH000930,Landaben,Hotel,2 Estrellas,"Landaben, c/ L 0 s/n",PAMPLONA,Cuenca de Pamplona,25.0,"(42.8085673, -1.6991552)"
UH000360,Leyre,Hotel,3 Estrellas,Calle Leyre 7,PAMPLONA,Cuenca de Pamplona,101.0,"(42.8140501, -1.6391087)"
upe00693,Leyre,Pensión,P**,Fco. Bergamín 5 2º y 3º,PAMPLONA,Cuenca de Pamplona,12.0,"(42.8131699, -1.6418244)"
UAT00218,Leyre,Apartamento Turístico,Primera/3 Llaves,Leyre 24 1º dcha,PAMPLONA,Cuenca de Pamplona,5.0,"(42.8120342, -1.6428475)"
UAT00587,Lindux Apart Pamplona,Apartamento Turístico,Segunda/2 Llaves,Avenida Arostegui 7 2 C,PAMPLONA,Cuenca de Pamplona,3.0,"(42.800656, -1.6695783)"
UH000346,Maisonnave,Hotel,4 Estrellas,Nueva 20,PAMPLONA,Cuenca de Pamplona,271.0,"(40.75857500000001, -73.980023)"
UAT00677,Maitagarri Casco Antiguo,Apartamento Turístico,Segunda/2 Llaves,Recoletas  8 1º A,PAMPLONA,Cuenca de Pamplona,2.0,"(40.4218254, -3.6899761)"
UAT00650,Mañueta,Apartamento Turístico,Tercera/1 Llave,"Mañueta 14 BIS, 3º IZ",PAMPLONA,Cuenca de Pamplona,4.0,"(42.8190154, -1.643505)"
UPE00647,Mari Asun,Pensión,P*,Av. de Pío XII 32,PAMPLONA,Cuenca de Pamplona,11.0,"(42.8063562, -1.6619065)"
UPE00882,Mendi,Pensión,P*,Navas de Tolosa 9 3º Izda,PAMPLONA,Cuenca de Pamplona,8.0,"(40.4190042, -3.7072241)"
UAT00692,Mendillorri,Apartamento Turístico,Segunda/2 Llaves,Concejo de Azpa 8 Bajo A,PAMPLONA,Cuenca de Pamplona,3.0,"(42.8115197, -1.6122213)"
UAT00331,Mercaderes,Apartamento Turístico,Segunda/2 Llaves,Mercaderes 14 4º Exterior Dch,PAMPLONA,Cuenca de Pamplona,2.0,"(42.81861989999999, -1.6427862)"
UPE00717,Mesón del Barro II,Pensión,P**,Calle Sancho Ramírez 3,PAMPLONA,Cuenca de Pamplona,8.0,"(42.8072955, -1.6636688)"
UHS00742,Mesón del Barro III,Hostal,HsG,Calle Sancho Ramirez 13 ,PAMPLONA,Cuenca de Pamplona,7.0,"(41.6323149, -0.8832177)"
UAT00676,Monasterio,Apartamento Turístico,Tercera/1 Llave,Monasterio de la Oliva 58 2ºD,PAMPLONA,Cuenca de Pamplona,6.0,"(42.8151522, -1.6625057)"
UAT00576,Navar,Apartamento Turístico,Tercera/1 Llave,Calle Navarreria 10 5º Dcha,PAMPLONA,Cuenca de Pamplona,2.0,"(42.8191976, -1.6427716)"
UHS00045,Navarra,Hostal,HsG,Tudela 9 2ª,PAMPLONA,Cuenca de Pamplona,25.0,"(42.0613816, -1.6063169)"
UAT00795,Navas I,Apartamento Turístico,Segunda/2 Llaves,Navas de Tolosa  9 3º Dcha,PAMPLONA,"Cuenca de Pamplona, La Ribera",6.0,"(40.4190042, -3.7072241)"
UAT00794,Navas II,Apartamento Turístico,Segunda/2 Llaves,Navas de Tolosa  9 4º Dcha,PAMPLONA,no definida,6.0,"(40.4190042, -3.7072241)"
UH000603,NH Iruña Park,Hotel,4 Estrellas,Arcadio Larraona 1,PAMPLONA,Cuenca de Pamplona,420.0,"(42.8114463, -1.6638476)"
UAT00577,Nicanor 3,Apartamento Turístico,Segunda/2 Llaves,Nicanor Beistegui 3 2º C,PAMPLONA,Cuenca de Pamplona,5.0,"(42.8029016, -1.6705638)"
UAT00579,Nicanor 5,Apartamento Turístico,Segunda/2 Llaves,Nicanor Beistegui 5 4º B,PAMPLONA,Cuenca de Pamplona,5.0,"(42.8027729, -1.6704412)"
UPE00657,Olga,Pensión,P*,Av. de Pío XII 34,PAMPLONA,Cuenca de Pamplona,6.0,"(40.4668743, -3.6742675)"
UAT00564,Olga III,Apartamento Turístico,Segunda/2 Llaves,Travesía Acella 7 5ºC,PAMPLONA,Cuenca de Pamplona,8.0,"(42.8072572, -1.6638035)"
UAT00418,One Minute from Plaza Castillo,Apartamento Turístico,Tercera/1 Llave,Calle Zapatería 42 ,PAMPLONA,Cuenca de Pamplona,4.0,"(42.8173049, -1.6445924)"
UH000852,Palacio de Guendulain,Hotel,4 Estrellas,Calle Zapatería 53,PAMPLONA,Cuenca de Pamplona,52.0,"(42.8165519, -1.6452941)"
UAT00336,Pamplona,Apartamento Turístico,Segunda/2 Llaves,Villava 18 B,PAMPLONA,Cuenca de Pamplona,4.0,"(42.8314377, -1.6123283)"
UPE00825,Pamplona Beds,Pensión,P*,Travesía Acella 3,PAMPLONA,Cuenca de Pamplona,8.0,"(42.8063859, -1.6633542)"
UAT00464,Pamplona City,Apartamento Turístico,Segunda/2 Llaves,Larrabide 9 2Dcha.,PAMPLONA,Cuenca de Pamplona,6.0,"(42.8074875, -1.6369839)"
UAT01107,Pamplona Inn 1,Apartamento Turístico,Tercera/1 Llave,Larraina 9 Bajo 1 D,PAMPLONA,Cuenca de Pamplona,5.0,"(42.81713389999999, -1.6551422)"
UAT01108,Pamplona Inn 2,Apartamento Turístico,Tercera/1 Llave,San Francisco 21 1º,PAMPLONA,Cuenca de Pamplona,7.0,"(37.7749295, -122.4194155)"
UH000736,Pamplona Plaza,Hotel,3 Estrellas,Av. Marcelo Celayeta 35,PAMPLONA,Cuenca de Pamplona,50.0,"(42.826045, -1.6553477)"
UAT00242,Pamplonapartments Mercaderes 1,Apartamento Turístico,Primera/3 Llaves,Mercaderes 18 1º,PAMPLONA,Cuenca de Pamplona,4.0,"(42.8186659, -1.6426578)"
"UAT00242(2,3)","Pamplonapartments Mercaderes 2,3",Apartamento Turístico,Segunda/2 Llaves,Mercaderes 18 2ºy3º,PAMPLONA,Cuenca de Pamplona,8.0,"(42.8186659, -1.6426578)"
UAT00374,Pamplonapartments Mercaderes 4,Apartamento Turístico,Segunda/2 Llaves,Mercaderes 18 3ºDcha,PAMPLONA,Cuenca de Pamplona,4.0,"(42.8186659, -1.6426578)"
UAT00383,Pamplonapartments Mercaderes 5,Apartamento Turístico,Segunda/2 Llaves,Mercaderes 18 4º Izda,PAMPLONA,Cuenca de Pamplona,4.0,"(42.8186659, -1.6426578)"
UAT00384,Pamplonapartments Mercaderes 6,Apartamento Turístico,Segunda/2 Llaves,Mercaderes 18 6º,PAMPLONA,Cuenca de Pamplona,4.0,"(42.8186659, -1.6426578)"
UAT00415,Pamplonapartments Mercaderes 7,Apartamento Turístico,Tercera/1 Llave,Mercaderes 18 5º Izda,PAMPLONA,Cuenca de Pamplona,2.0,"(42.8186659, -1.6426578)"
UAT00416,Pamplonapartments Mercaderes 8,Apartamento Turístico,Primera/3 Llaves,Mercaderes 18 5º Dcha,PAMPLONA,Cuenca de Pamplona,2.0,"(42.8186659, -1.6426578)"
UAT00417,Pamplonapartments Mercaderes 9,Apartamento Turístico,Primera/3 Llaves,Mercaderes 18 2º Dcha,PAMPLONA,Cuenca de Pamplona,4.0,"(42.8186659, -1.6426578)"
UPE00710,Pasadena,Pensión,P*,Av. de Pío XII 32,PAMPLONA,Cuenca de Pamplona,19.0,"(42.8063562, -1.6619065)"
UAT01104,Patio de Gigantes,Apartamento Turístico,Segunda/2 Llaves,Descalzos 70 1º izda,PAMPLONA,Cuenca de Pamplona,2.0,"(42.8188749, -1.6484078)"
UPE00611,Payvi I,Pensión,P*,Av. de Pío XII 41,PAMPLONA,Cuenca de Pamplona,14.0,"(42.8068482, -1.660672)"
UPE00666,Payvi II,Pensión,P*,Av. de Pío XII 24,PAMPLONA,Cuenca de Pamplona,10.0,"(42.8079065, -1.660234)"
UPE00635,Payvi III,Pensión,P*,"Av. de Pío XII, 30",PAMPLONA,Cuenca de Pamplona,8.0,"(40.466666, -3.6744329)"
UAT00721,Pico De Ori,Apartamento Turístico,Tercera/1 Llave,Pico De Ori 8 4º IZ,PAMPLONA,Cuenca de Pamplona,6.0,"(42.804931, -1.6340236)"
UAT00839,Piso en Calle Estafeta,Apartamento Turístico,Tercera/1 Llave,Calle de la Estafeta 7,PAMPLONA,Cuenca de Pamplona,2.0,"(42.8182474, -1.6426199)"
UAT00630,Piso en el Corazon de Pamplona,Apartamento Turístico,Segunda/2 Llaves,Calle Navarreria 19 1º Iz,PAMPLONA,Cuenca de Pamplona,4.0,"(42.8194052, -1.6431522)"
UAT00602,Plaza Castillo 27,Apartamento Turístico,Segunda/2 Llaves,Plaza del Castillo  27,PAMPLONA,Cuenca de Pamplona,2.0,"(42.8162835, -1.643353)"
UAT00500,Plaza del Castillo,Apartamento Turístico,Tercera/1 Llave,Pozo Blanco 5 3º,PAMPLONA,Cuenca de Pamplona,4.0,"(38.3799918, -4.8494264)"
UAT00444,Plaza Príncipe de Viana 1 y 2,Apartamento Turístico,Segunda/2 Llaves,Sangüesa 2 3º,PAMPLONA,Cuenca de Pamplona,7.0,"(42.5744349, -1.2830851)"
UAT00696,Redín,Apartamento Turístico,Primera/3 Llaves,Redín 2,PAMPLONA,Cuenca de Pamplona,4.0,"(42.0416676, -72.5093212)"
UHS00927,Rodas Pamplona,Hostal,HsG,Estella 10 1º dcha,PAMPLONA,Cuenca de Pamplona,14.0,"(42.6720856, -2.0324524)"
UPE00920,Room Pamplona,Pensión,P*,Travesía Acella 3 ,PAMPLONA,Cuenca de Pamplona,7.0,"(42.8063859, -1.6633542)"
UAT01017,San Gregorio,Apartamento Turístico,Segunda/2 Llaves,Calle San Gregorio 26,PAMPLONA,Cuenca de Pamplona,4.0,"(40.5795298, -4.002831899999999)"
UAT00405,San Jorge,Apartamento Turístico,Segunda/2 Llaves,Dr. Simonena 8 6ºA,PAMPLONA,Cuenca de Pamplona,4.0,"(42.8200979, -1.668793)"
UAT00597,San Lorenzo,Apartamento Turístico,Segunda/2 Llaves,San Lorenzo 39 3º Dcha,PAMPLONA,Cuenca de Pamplona,3.0,"(42.8180445, -1.6488031)"
UH000550,Sancho Ramírez,Hotel,3 Estrellas,"Calle Sancho Ramírez, 11",PAMPLONA,Cuenca de Pamplona,153.0,"(42.8075325, -1.6644136)"
UAT00428,"Scala I, II, III, IV, V y VI",Apartamento Turístico,Primera/3 Llaves,Premin de Iruña 5,PAMPLONA,Cuenca de Pamplona,22.0,"(42.8082074, -1.6691229)"
UAT00703,Showroom de Arte e Interiorismo,Apartamento Turístico,Primera/3 Llaves,Cipriano Olaso 2 4º Dcha,PAMPLONA,Cuenca de Pamplona,4.0,"(42.8109536, -1.6312174)"
UAT00774,Soul Apartment,Apartamento Turístico,Primera/3 Llaves,Calle Navarreria  18 1º,PAMPLONA,Cuenca de Pamplona,4.0,"(42.8194947, -1.6422487)"
UH000923,Spa Pompaelo,Hotel,4 Estrellas,Plaza Consistorial 3,PAMPLONA,Cuenca de Pamplona,58.0,"(42.8179998, -1.6439475)"
UAT00550,The Estafeta View Apartment,Apartamento Turístico,Tercera/1 Llave,Calle de la Estafeta 16,PAMPLONA,Cuenca de Pamplona,3.0,"(42.8179791, -1.6427337)"
UAT00516,Trampantojo,Apartamento Turístico,Primera/3 Llaves,Calle Navarreria 13 1º,PAMPLONA,Cuenca de Pamplona,7.0,"(42.81914070000001, -1.6430005)"
UAT00560,Trave-Bayona,Apartamento Turístico,Primera/3 Llaves,Trvesia de Bayona 4 Escalera D 3 F,PAMPLONA,Cuenca de Pamplona,4.0,"(42.81411490000001, -1.6583171)"
UAT00341,Travellers Rest Pamplona,Apartamento Turístico,Tercera/1 Llave,Calle San Saturnino 20,PAMPLONA,Cuenca de Pamplona,10.0,"(42.8184418, -1.6450096)"
UAT00623,Tu sitio,Apartamento Turístico,Tercera/1 Llave,Padre Calatayud 4 4º Izda,PAMPLONA,Cuenca de Pamplona,4.0,"(42.8113563, -1.6427284)"
UAT01025,Tuapartamento Estafeta 15 1º,Apartamento Turístico,Tercera/1 Llave,Calle de la Estafeta 15,PAMPLONA,Cuenca de Pamplona,3.0,"(40.3728228, -3.6921908)"
UAT00836,TuApartamento Mercaderes 16,Apartamento Turístico,Tercera/1 Llave,Mercaderes 16 1º,PAMPLONA,Cuenca de Pamplona,6.0,"(42.81858, -1.6426673)"
UAT01109,"TuApartamento Mercaderes 9, 1º",Apartamento Turístico,Tercera/1 Llave,Mercaderes 9 1º,PAMPLONA,Cuenca de Pamplona,4.0,"(42.8184342, -1.6435397)"
UAT01010,TuApartamento Plaza de Toros,Apartamento Turístico,Tercera/1 Llave,Emilio Arrieta 11,PAMPLONA,Cuenca de Pamplona,6.0,"(42.8148384, -1.6393884)"
UAT01051,TuApartamento–Navas de Tolosa 27 1ºC,Apartamento Turístico,Tercera/1 Llave,Navas de Tolosa 27 1º C,PAMPLONA,Cuenca de Pamplona,6.0,"(42.8154203, -1.6507556)"
UAT00593,Txoko 48,Apartamento Turístico,Segunda/2 Llaves,Dormitaleria 48 1º,PAMPLONA,Cuenca de Pamplona,2.0,"(42.81832259999999, -1.6404835)"
UAT00725,Una Atalaya sobre el casco Antiguo,Apartamento Turístico,Segunda/2 Llaves,Plaza de los Burgos 1 5º Dcha,PAMPLONA,Cuenca de Pamplona,5.0,"(42.81870809999999, -1.6437009)"
UAT00581,Vistabella I,Apartamento Turístico,Tercera/1 Llave,Travesia de Echavacaiz 6 1º IZ,PAMPLONA,Cuenca de Pamplona,6.0,"(42.7988333, -1.6769801)"
UAT00572,Vistabella II,Apartamento Turístico,Tercera/1 Llave,Travesia de Echavacoiz Alto 8 1º izda,PAMPLONA,Cuenca de Pamplona,6.0,"(42.7988333, -1.6769801)"
UAT00468,Vuelta del Castillo,Apartamento Turístico,Tercera/1 Llave,Vuelta del Castillo 7 6C,PAMPLONA,Cuenca de Pamplona,6.0,"(42.808476, -1.6505293)"
UAT00648,Welcoming Apart Old Town,Apartamento Turístico,Segunda/2 Llaves,Calle Zapatería 46,PAMPLONA,Cuenca de Pamplona,4.0,"(42.8171332, -1.6445952)"
UAB00069,Xarma Hostel Aterpea,Albergue turístico,del Camino de Santiago,Baja Navarra 23,PAMPLONA,Cuenca de Pamplona,22.0,"(42.8138204, -1.6351481)"
UH000005,Yoldi,Hotel,3 Estrellas,San Ignacio 11,PAMPLONA,Cuenca de Pamplona,72.0,"(17.1575607, -89.0704563)"
UAT00664,Zona Ensanche,Apartamento Turístico,Segunda/2 Llaves,Olite 15 2º Dcha,PAMPLONA,Cuenca de Pamplona,4.0,"(42.481425, -1.6509768)"
UAT00706,Zure Etxea,Apartamento Turístico,Tercera/1 Llave,Dormitaleria 34 3º,PAMPLONA,Cuenca de Pamplona,5.0,"(42.818712, -1.6408823)"
UATR1067,Apartamentos Gebala,Apartamento Turístico Rural,Primera/3 Llaves,Plaza de los Fueros 31,ESTELLA,Zona Media,2.0,"(42.6724857, -2.030961)"
UHS00745,Area 99,Hostal,HsG,Merkatondoa  32 A,ESTELLA,Zona Media,22.0,"(42.659645, -2.0299289)"
UAT00216,Argia,Apartamento Turístico,Tercera/1 Llave,Arróniz 4 4ºA,ESTELLA,Zona Media,6.0,"(42.5894973, -2.092264)"
UAT00829,Azcárate,Apartamento Turístico,Tercera/1 Llave,Guesalaz 3 bajo Iz,ESTELLA,Zona Media,5.0,"(42.7599623, -1.9196949)"
UPE00905,Bed & Breakfast Zaldu,Pensión,P**,Pío Baroja 1,ESTELLA,Zona Media,8.0,"(40.40602490000001, -3.8999126)"
UAT00700,Belmecher,Apartamento Turístico,Segunda/2 Llaves,Calle Comercio 15,ESTELLA,Zona Media,8.0,"(43.3617009, -8.4171821)"
UPE00924,Buen Camino,Pensión,P*,Calle San Nicolás 27 ,ESTELLA,Zona Media,3.0,"(43.3715615, -8.399256)"
UAB00100,Capuchinos Rocamador,Albergue turístico,1ª del Camino de Santiago,Rocamador 6,ESTELLA,Zona Media,53.0,"(42.6663463, -2.0316757)"
UAT00871,Casa Daniela,Apartamento Turístico,Segunda/2 Llaves,Calle Calderería 11 ,ESTELLA,Zona Media,4.0,"(36.7225252, -4.420660499999999)"
UHS00384,Cristina,Hostal,HsG,Baja Navarra 1 1º,ESTELLA,Zona Media,19.0,"(42.8131929, -1.6414345)"
UAT01004,Dúplex en Calle Navarrería,Apartamento Turístico,Segunda/2 Llaves,Navarrería 8 3ºB,ESTELLA,Zona Media,4.0,"(42.8191832, -1.6428641)"
UHS00733,El Volante,Hostal,HsG,Merkatondoa 2 1º,ESTELLA,Zona Media,20.0,"(42.66368, -2.03243)"
UHS00957,Estella Rooms,Hostal,HsG,Calle San Nicolás 3,ESTELLA,Zona Media,32.0,"(40.41551210000001, -3.712196899999999)"
uat00032,Gebala,Apartamento Turístico,Primera/3 Llaves,Plaza de los Fueros 31,ESTELLA,Zona Media,8.0,"(42.6724857, -2.030961)"
UAT00440,Gure Ganbara,Apartamento Turístico,Primera/3 Llaves,Calle Mayor 26,ESTELLA,Zona Media,4.0,"(33.8080746, -118.3893682)"
UH000874,Hospedería Chapitel,Hotel,4 Estrellas,Chapitel 1,ESTELLA,Zona Media,27.0,"(42.6708333, -2.0288889)"
UPE00561,Izarra,Pensión,P*,Calle Calderería 20,ESTELLA,Zona Media,8.0,"(37.17793810000001, -3.5965656)"
UAB00121,La Hostería de Curtidores,Albergue turístico,1ª del Camino de Santiago,Curtidores 43,ESTELLA,Zona Media,45.0,"(40.4052576, -3.7066741)"
UHS00953,La Rúa,Hostal,HsG,La Rua 21,ESTELLA,Zona Media,9.0,"(9.848399599999999, -83.92730189999999)"
UATR1066,Laplaza,Apartamento Turístico Rural,Primera/3 Llaves,Plaza de los Fueros 31,ESTELLA,Zona Media,2.0,"(42.6724857, -2.030961)"
uct00009,Lizarra,Camping,4 estrellas,Ordoiz 0,ESTELLA,Zona Media,1000.0,"(42.6692304, -2.0236394)"
UAT00947,Musu,Apartamento Turístico,Segunda/2 Llaves,Juan de Labrit 5 2º,ESTELLA,Zona Media,5.0,"(42.8162749, -1.6407571)"
UAB00054,Oncineda,Albergue turístico,2ª Categoria,Monasterio de Irache 11,ESTELLA,Zona Media,104.0,"(42.664724, -2.034379)"
UAT00991,Rua 19,Apartamento Turístico,Primera/3 Llaves,Rua 19 1º Dcha,ESTELLA,Zona Media,2.0,"(38.9052279, -77.0083564)"
UH000833,Tximista,Hotel,4 Estrellas,Zaldu 15,ESTELLA,Zona Media,56.0,"(42.6786766, -2.0374243)"
UAT00600,Urederra Apartamento,Apartamento Turístico,Segunda/2 Llaves,Calle Julio Ruiz de Alda  3 C,ESTELLA,Zona Media,5.0,"(40.6745224, -4.0882194)"
UH000648,Yerri,Hotel,2 Estrellas,Yerri 35,ESTELLA,Zona Media,52.0,"(42.6768446, -2.0358159)"
UAB00091,Amalur,Albergue turístico,2ª Categoria,Cerco Viejo 3 Bajo,PUENTE LA REINA,Zona Media,20.0,"(42.6726491, -1.8176945)"
UHSR0722,Bidean,Hostal,HsRural,Calle Mayor 20,PUENTE LA REINA,Zona Media,36.0,"(33.8155478, -118.3636448)"
UATR0098,Ganbara,Apartamento Turístico,Tercera/1 Llave,Calle Mayor 86,PUENTE LA REINA,Zona Media,4.0,"(40.4152493, -3.7127001)"
UAB00044,Jakue,Albergue turístico,del Camino de Santiago,Calle Irunbidea 8,PUENTE LA REINA,Zona Media,90.0,"(42.6734751, -1.8115733)"
UATR0972,La Casica del Puente,Apartamento Turístico Rural,Segunda/2 Llaves,La Población 1 Puente Románico,PUENTE LA REINA,Zona Media,6.0,"(42.6711661, -1.8188069)"
UHSR0903,La Plaza,Hostal,HsRural,Calle Rodrigo Ximénez de Rada 39,PUENTE LA REINA,Zona Media,16.0,"(42.8310093, -1.6530158)"
UAB00087,Puente,Albergue turístico,del Camino de Santiago,Paseo De los Fueros 57,PUENTE LA REINA,Zona Media,40.0,"(43.2954388, -2.9879627)"
UVT00827,Villa Marina,Vivienda Turística,Segunda/2 Llaves,Otsabidea 10,PUENTE LA REINA,Zona Media,6.0,"(42.66975679999999, -1.8074966)"
