CÓDIGO,NOMBRE,MODALIDAD,CATEGORÍA,DIRECCIÓN,LOCALIDAD,ZONA,ESPECIALIDAD,COORDENADAS
ur000129,Adoquín de la Estafeta,Restaurantes,Sin definir,Calle de la Estafeta 81,PAMPLONA,Cuenca de Pamplona,Casera o regional,"(42.8163744, -1.641321)"
UR000011,Alhambra,Restaurantes,Lujo/ 4 Tenedores,Bergamín 7,PAMPLONA,Cuenca de Pamplona,Casera o regional,"(42.8127047, -1.6412544)"
UR000005,Alsafir,Restaurantes,Segunda/2 Tenedores,Castillo de Maya 39,PAMPLONA,Cuenca de Pamplona,Internacional,"(42.8103933, -1.6367607)"
uc000060,Amabella,Cafeterías,Segunda/1 Taza,Vuelta del Castillo 3,PAMPLONA,Cuenca de Pamplona,No definida,"(42.80814669999999, -1.6495808)"
UR000013,Amóstegui,Restaurantes,Sin definir,"Pozoblanco, 20-1º 0",PAMPLONA,Cuenca de Pamplona,Casera o regional,"(38.3770629, -4.8494709)"
ur000841,Anaitasuna,Restaurantes,Sin definir,Ciudadela 13,PAMPLONA,Cuenca de Pamplona,Casera o regional,"(39.4728152, -0.3673233)"
uc000154,Andrea,Cafeterías,Segunda/1 Taza,Marcelo Celayeta 105,PAMPLONA,Cuenca de Pamplona,No definida,"(42.829438, -1.6451329)"
uc000103,Anduriña,Cafeterías,Segunda/1 Taza,Zaragoza 65,PAMPLONA,Cuenca de Pamplona,No definida,"(25.9685341, -109.297136)"
UR001101,Ansoleaga,Restaurantes,Lujo/ 4 Tenedores,Calle Florencio de Ansoleaga  33,PAMPLONA,Cuenca de Pamplona,"Casera o regional, Innovadora","(42.81761179999999, -1.6451984)"
ur000143,Antigua Taberna Tabla Tomasa,Restaurantes,Sin definir,Mº de Iranzu 6,PAMPLONA,Cuenca de Pamplona,Internacional,"(42.7508438, -2.0386649)"
ur000365,Aragón,Restaurantes,Sin definir,Buenaventura Iñiguez 2,PAMPLONA,Cuenca de Pamplona,Casera o regional,"(42.8029397, -1.6446682)"
ur000207,Aralar,Restaurantes,Sin definir,Castillo de Maya 25,PAMPLONA,Cuenca de Pamplona,No definida,"(42.8120084, -1.6339725)"
uc000085,Arcos,Cafeterías,Segunda/1 Taza,Calle Pedro Malón de Chaide 7,PAMPLONA,Cuenca de Pamplona,No definida,"(42.8089252, -1.6669216)"
UR000956,Argileku,Restaurantes,Segunda/2 Tenedores,Olite 5 bajo,PAMPLONA,Cuenca de Pamplona,"Asador, Casera o regional","(42.481425, -1.6509768)"
UR001100,Artea,Restaurantes,Tercera/1 tenedor,"Av. Marcelo Celayeta, 35",PAMPLONA,Cuenca de Pamplona,No definida,"(42.826045, -1.6553477)"
UR000917,Artwohl,Restaurantes,Segunda/2 Tenedores,Teobaldos 2 bajo,PAMPLONA,Cuenca de Pamplona,Casera o regional,"(42.8137096, -1.638013)"
ur000379,Asador Almadía,Restaurantes,Sin definir,Abejeras 51,PAMPLONA,Cuenca de Pamplona,Internacional,"(42.8037389, -1.6473951)"
UR000737,Asador Castillo de Mendillorri,Restaurantes,Tercera/1 tenedor,de Sarriguren 14,PAMPLONA,Cuenca de Pamplona,Asador,"(42.8127607, -1.5980928)"
UR000263,Asador Erretegia,Restaurantes,Asador,Calle de la Estafeta 53,PAMPLONA,Cuenca de Pamplona,Asador,"(42.81712640000001, -1.641757)"
ur000822,Asador Gastón,Restaurantes,Asador,Calle Raimundo Lanas 19,PAMPLONA,Cuenca de Pamplona,Asador,"(42.82687, -1.6496749)"
UR000290,Asador Gaztelu,Restaurantes,Asador,Paseo Federico Soto 3,PAMPLONA,Cuenca de Pamplona,Asador,"(38.3446061, -0.4896865)"
ur000699,Asador Ipartxo,Restaurantes,Asador,"Sangüesa, 40-42 0",PAMPLONA,Cuenca de Pamplona,Asador,"(42.5744349, -1.2830851)"
UR000146,Asador Irache,Restaurantes,Segunda/2 Tenedores,"Mº de Irache, 23-25 0",PAMPLONA,Cuenca de Pamplona,Casera o regional,"(42.6457351, -2.0563675)"
ur000490,Asador Iturrama,Restaurantes,Asador,Calle Pedro I 9,PAMPLONA,Cuenca de Pamplona,Asador,"(42.8050889, -1.6565226)"
UR001121,Asador Katuzarra,Restaurantes,Segunda/2 Tenedores,Calle San Nicolás 34,PAMPLONA,Cuenca de Pamplona,"Asador, Casera o regional, De tapas y raciones","(42.81646509999999, -1.6447062)"
UR000839,Asador La Tasca,Restaurantes,Sin definir,Navarro Villoslada 1,ESTELLA,Zona Media,Asador,"(42.8126733, -1.6394528)"
ur000810,Asador Menchu,Restaurantes,Asador,Calle de Acella 7,PAMPLONA,Cuenca de Pamplona,Asador,"(42.8062083, -1.6624032)"
ur000157,Asador Olave,Restaurantes,Asador,Garde 14,PAMPLONA,Cuenca de Pamplona,No definida,"(36.1407032, -96.1106447)"
ur000150,Asador Olaverri,Restaurantes,Asador,Santa Marta 4,PAMPLONA,Cuenca de Pamplona,Asador,"(11.2181994, -74.1598648)"
ur000528,Asador Sidreria Zaldiko,Restaurantes,Asador,Santo Domingo 39,PAMPLONA,Cuenca de Pamplona,Sidrería,"(18.4577997, -69.9347643)"
ur000880,Asador Uslaer,Restaurantes,Asador,Tomás Burgui 15,PAMPLONA,Cuenca de Pamplona,Asador,"(42.8303502, -1.6465066)"
ur000244,Askartza,Restaurantes,Sin definir,Calle San Lorenzo 39,PAMPLONA,Cuenca de Pamplona,Casera o regional,"(40.41002, -3.0549)"
UR000843,Astarriaga,Restaurantes,Primera/3 tenedores,de los Fueros 12,ESTELLA,Zona Media,Asador,"(42.8438787, -2.6699281)"
UR000014,Badar,Restaurantes,Sin definir,Marcelo Celayeta 127,PAMPLONA,Cuenca de Pamplona,Casera o regional,"(42.8306235, -1.6418352)"
uc000001,Bahia,Cafeterías,Segunda/1 Taza,Calle Trinidad Fernández Arenas 4,PAMPLONA,Cuenca de Pamplona,No definida,"(42.81488119999999, -1.643575)"
uc000091,Baja Navarra,Cafeterías,Segunda/1 Taza,Baja Navarra 22,PAMPLONA,Cuenca de Pamplona,No definida,"(42.813223, -1.6369685)"
ur000230,Baluarte,Restaurantes,Sin definir,Ejército 1,PAMPLONA,Cuenca de Pamplona,No definida,"(37.09024, -95.712891)"
UC000180,Baratza Kafea,Cafeterías,Segunda/1 Taza,Bernardino Tirapu 5 Bajo,PAMPLONA,Cuenca de Pamplona,Otros,"(42.8220886, -1.6496668)"
UR000519,Basaburua,Restaurantes,Segunda/2 Tenedores,Calle Florencio de Ansoleaga 16,PAMPLONA,Cuenca de Pamplona,Casera o regional,"(42.817281, -1.6462614)"
UR000016,Baserri,Restaurantes,Sin definir,Calle San Nicolás 32,PAMPLONA,Cuenca de Pamplona,No definida,"(42.8165043, -1.6446303)"
uc000157,Bavaros,Cafeterías,Segunda/1 Taza,"Azuelo, 1 trasera 0",PAMPLONA,Cuenca de Pamplona,No definida,"(42.6086982, -2.3495943)"
UR000676,Baztan,Restaurantes,Tercera/1 tenedor,"Calle de Irunlarrea, 6",PAMPLONA,Cuenca de Pamplona,Casera o regional,"(42.8077115, -1.6691608)"
UR000364,Belástegui,Restaurantes,Sin definir,Obispo Irurita 0 S/N,PAMPLONA,Cuenca de Pamplona,Casera o regional,"(42.8132616, -1.6590714)"
ur000518,Bella Epoca,Restaurantes,Sin definir,Navarra 3 Bajo,PAMPLONA,Cuenca de Pamplona,Casera o regional,"(42.8064215, -1.6633182)"
uc000092,Biarritz,Cafeterías,Segunda/1 Taza,Conde Oliveto 2,PAMPLONA,Cuenca de Pamplona,No definida,"(42.8129216, -1.6437844)"
uc000082,Brunos,Cafeterías,Segunda/1 Taza,Pintor Asenjo 12,PAMPLONA,Cuenca de Pamplona,No definida,"(42.8092918, -1.6572152)"
UR000922,Bruselas Kairos,Restaurantes,Sin definir,Yanguas y Miranda 17,PAMPLONA,Cuenca de Pamplona,Casera o regional,"(42.8122213, -1.6449524)"
UR000065,Burger King,Restaurantes,Comida rápida,Sancho el Fuerte 83,PAMPLONA,Cuenca de Pamplona,Rápida,"(42.8115984, -1.6619042)"
UR001024,Burger King,Restaurantes,Comida rápida,Calle Soto Aizoáin 11,PAMPLONA,Cuenca de Pamplona,Rápida,"(42.8321497, -1.6821514)"
UR131049,Burger King,Restaurantes,Comida rápida,Calle Mercaderes 17,PAMPLONA,Cuenca de Pamplona,Rápida,"(42.8184774, -1.6432384)"
UR001114,Burgerheim,Restaurantes,Segunda/2 Tenedores,Calle Amaya 2,PAMPLONA,Cuenca de Pamplona,"Asador, Internacional, Rápida","(42.8154763, -1.6405906)"
uc000153,Cafe Bar Central,Cafeterías,Segunda/1 Taza,Yamaguchi 6,PAMPLONA,Cuenca de Pamplona,No definida,"(34.1782945, 131.4738432)"
UR000060,Café con sal,Restaurantes,Tercera/1 tenedor,Juan de Labrit 29,PAMPLONA,Cuenca de Pamplona,"Asador, Casera o regional, De tapas y raciones","(42.817069, -1.6397752)"
ur000868,Cafe Iruña,Restaurantes,Sin definir,Pl. del Castillo 44,PAMPLONA,Cuenca de Pamplona,Casera o regional,"(42.8174602, -1.6434081)"
UR001017,Café Niza,Restaurantes,Segunda/2 Tenedores,Calle del Duque de Ahumada 5,PAMPLONA,Cuenca de Pamplona,Casera o regional,"(40.4961271, -3.8857879)"
ur000613,Casa Albero,Restaurantes,Sin definir,Calle Zolina 3,PAMPLONA,Cuenca de Pamplona,Casera o regional,"(42.7983272, -1.6412183)"
ur000351,Casa Ángel,Restaurantes,Sin definir,Abejeras 43,PAMPLONA,Cuenca de Pamplona,Asador,"(42.8042606, -1.6468874)"
UR000983,Casa de Comidas San Miguel,Restaurantes,Sin definir,Calle Espoz y Mina 7,ESTELLA,Zona Media,Casera o regional,"(40.4157547, -3.702127199999999)"
ur000425,Casa Evaristo,Restaurantes,Sin definir,Calle de la Estafeta 69,PAMPLONA,Cuenca de Pamplona,Casera o regional,"(42.8166405, -1.6414935)"
UR000021,Casa Flores,Restaurantes,Sin definir,Calle de la Estafeta 85,PAMPLONA,Cuenca de Pamplona,Casera o regional,"(42.816221, -1.6412008)"
ur000441,Casa Luis,Restaurantes,Sin definir,Padre Calatayud 11,PAMPLONA,Cuenca de Pamplona,Casera o regional,"(42.8109251, -1.6419809)"
UR000009,Casa Manolo,Restaurantes,Sin definir,García Castañón 12,PAMPLONA,Cuenca de Pamplona,No definida,"(42.8142364, -1.6433785)"
UR00024,Casa Otano,Restaurantes,Primera/3 tenedores,Calle San Nicolás 5,PAMPLONA,Cuenca de Pamplona,Asador,"(43.52435060000001, -5.6682378)"
UR000298,Casanova,Restaurantes,Segunda/2 Tenedores,Fray Wenceslao de Oñate 8,ESTELLA,Zona Media,Casera o regional,"(42.67215909999999, -2.0324258)"
UR000224,Catachú,Restaurantes,Sin definir,Lindachiquía 16,PAMPLONA,Cuenca de Pamplona,Casera o regional,"(42.8160073, -1.6443694)"
UR000523,Cerveceria Internacional,Restaurantes,Segunda/2 Tenedores,Av. de Bayona 48,PAMPLONA,Cuenca de Pamplona,Internacional,"(42.8122914, -1.6622488)"
uc000161,Cerveceria Tropicana,Cafeterías,Segunda/1 Taza,Pl. del Castillo 18,PAMPLONA,Cuenca de Pamplona,No definida,"(42.8165455, -1.6417487)"
ur000229,Ché,Restaurantes,Sin definir,"Olite, nº 8 0",PAMPLONA,Cuenca de Pamplona,No definida,"(42.481425, -1.6509768)"
UR000509,Chef Claudio,Restaurantes,Segunda/2 Tenedores,Federico Soto 9,PAMPLONA,Cuenca de Pamplona,"Casera o regional, Internacional","(38.3446434, -0.4898750000000001)"
ur000857,China Imperial,Restaurantes,Sin definir,Pintor Crispín 8,PAMPLONA,Cuenca de Pamplona,Internacional,"(42.80816, -1.6565998)"
UR000823,China Town,Restaurantes,Tercera/1 tenedor,Paseo de la Inmaculada 72,ESTELLA,Zona Media,Internacional,"(42.6721555, -2.0342455)"
UR000062,Chung Feng,Restaurantes,Sin definir,García de Nájera 2,PAMPLONA,Cuenca de Pamplona,Internacional,"(42.8101189, -1.6602052)"
uc000079,Ciaboga,Cafeterías,Segunda/1 Taza,Ermitagaña 0 4,PAMPLONA,Cuenca de Pamplona,No definida,"(42.8109944, -1.6651345)"
ur000393,Ciaurriz,Restaurantes,Sin definir,Padre Calatayud 14,PAMPLONA,Cuenca de Pamplona,Casera o regional,"(42.8103559, -1.6416527)"
uc000102,Ciudad De Pamplona,Cafeterías,Segunda/1 Taza,Sancho el Fuerte 20,PAMPLONA,Cuenca de Pamplona,No definida,"(42.80951839999999, -1.6541424)"
UR000916,Ciudad Feliz,Restaurantes,Sin definir,García de Nájera 6,PAMPLONA,Cuenca de Pamplona,Internacional,"(42.8112794, -1.6622157)"
ur000768,Club Social de Profesionales,Restaurantes,Sin definir,Baja Navarra 47,PAMPLONA,Cuenca de Pamplona,De autor,"(42.8142204, -1.6324745)"
UR000308,Cocktail Bar Meeting Point,Restaurantes,Segunda/2 Tenedores,Iturrama 21,PAMPLONA,Cuenca de Pamplona,Casera o regional,"(42.8045626, -1.6524894)"
uc000089,Condivetto,Cafeterías,Segunda/1 Taza,Conde Oliveto 3,PAMPLONA,Cuenca de Pamplona,No definida,"(42.8125506, -1.6437042)"
UR000891,Deboca,Restaurantes,Sin definir,"Monjardín, 9-11 0",PAMPLONA,Cuenca de Pamplona,Innovadora,"(30.1413043, -91.9830774)"
ur000348,Dom Lluis,Restaurantes,Sin definir,San Nicolas 1,PAMPLONA,Cuenca de Pamplona,Casera o regional,"(14.4321786, 120.976877)"
ur000759,Domino´s Pizza,Restaurantes,Pizzeria,Av. de Pío XII 20,PAMPLONA,Cuenca de Pamplona,Rápida,"(40.465961, -3.6748816)"
ur000760,Domino´s Pizza,Restaurantes,Pizzeria,Sangüesa 2,PAMPLONA,Cuenca de Pamplona,Rápida,"(42.5767441, -1.2851532)"
ur000418,Don Manolo,Restaurantes,Sin definir,Sancho el Fuerte 77,PAMPLONA,Cuenca de Pamplona,Casera o regional,"(42.8110651, -1.6606122)"
UR000802,Don Menú,Restaurantes,Tercera/1 tenedor,Paseo de la Inmaculada 70,ESTELLA,Zona Media,Casera o regional,"(42.67200950000001, -2.0341945)"
UR000048,Don Pelayo,Restaurantes,Sin definir,Monjardín 16,PAMPLONA,Cuenca de Pamplona,No definida,"(30.1413043, -91.9830774)"
uc000016,Doven,Cafeterías,Segunda/1 Taza,Martín Azpilicueta 8,PAMPLONA,Cuenca de Pamplona,No definida,"(42.8143941, -1.6632347)"
ur000697,Dragon,Restaurantes,Sin definir,Navarro Villoslada 2,PAMPLONA,Cuenca de Pamplona,Internacional,"(43.2768278, -2.9610976)"
uc000088,Ducal,Cafeterías,Segunda/1 Taza,Av. de Carlos III el Noble Etorbidea 39,PAMPLONA,Cuenca de Pamplona,No definida,"(42.8127453, -1.6384097)"
UR000384,El Abuelo,Restaurantes,Sin definir,Puente la Reina 3,PAMPLONA,Cuenca de Pamplona,Casera o regional,"(42.6723037, -1.8135943)"
uc000110,El Alivio,Cafeterías,Segunda/1 Taza,de Ermitagaña 2 Bajo,PAMPLONA,Cuenca de Pamplona,No definida,"(42.8107722, -1.6633601)"
uc000168,El Bosquecillo,Cafeterías,Segunda/1 Taza,Calle Taconera 5,PAMPLONA,Cuenca de Pamplona,No definida,"(42.8164944, -1.6494412)"
UC000172,El Café de Baluarte,Cafeterías,Segunda/1 Taza,"Plaza del Baluarte, s/n ",PAMPLONA,Cuenca de Pamplona,No definida,"(42.8131578, -1.6461989)"
UR000929,El Café de Felisa,Restaurantes,Sin definir,Felisa Munárriz 1,PAMPLONA,Cuenca de Pamplona,No definida,"(42.8072071, -1.6437995)"
UR001002,El Chupinazo,Restaurantes,Tercera/1 tenedor,Calle de la Estafeta 85,PAMPLONA,Cuenca de Pamplona,Casera o regional,"(42.816221, -1.6412008)"
UR000877,El Embrujo,Restaurantes,Primera/3 tenedores,"Padre Calatayud, 16-18 0",PAMPLONA,Cuenca de Pamplona,De autor,"(42.8102056, -1.6415008)"
ur000497,El Espejo,Restaurantes,Sin definir,"Ciudadela, 9-11 0",PAMPLONA,Cuenca de Pamplona,Casera o regional,"(42.8153509, -1.6472091)"
UR000408,El Figón,Restaurantes,Segunda/2 Tenedores,Pintor Asenjo 12,PAMPLONA,Cuenca de Pamplona,Casera o regional,"(42.8092918, -1.6572152)"
UR000954,El Halcón,Restaurantes,Sin definir,Olite 36 bajo,PAMPLONA,Cuenca de Pamplona,Rápida,"(42.481425, -1.6509768)"
UR000991,El Mercao,Restaurantes,Primera/3 tenedores,Tafalla 7,PAMPLONA,Cuenca de Pamplona,"Casera o regional, Innovadora, Oriental","(42.5257641, -1.6731842)"
UR000160,El Mosquito,Restaurantes,Segunda/2 Tenedores,Virgen de Ujué 3,PAMPLONA,Cuenca de Pamplona,Marisquería,"(42.8132589, -1.6632872)"
ur000862,El Paseo,Restaurantes,Sin definir,Guitarrista Sabicas 4,PAMPLONA,Cuenca de Pamplona,Casera o regional,"(42.8259253, -1.6349422)"
UC000178,El Patio de las Comedias,Cafeterías,Segunda/1 Taza,"Calle Comedias,12 ",PAMPLONA,Cuenca de Pamplona,Casera o regional,"(39.4730231, -0.3725065)"
uc000160,El Recreo,Cafeterías,Segunda/1 Taza,Iturrama 22,PAMPLONA,Cuenca de Pamplona,No definida,"(42.8054064, -1.6542101)"
ur000670,El Redin,Restaurantes,Sin definir,Mercado 5,PAMPLONA,Cuenca de Pamplona,Casera o regional,"(41.5399951, -88.2035798)"
ur000789,El Retaco,Restaurantes,Sin definir,Esquíroz 5,PAMPLONA,Cuenca de Pamplona,Internacional,"(42.8068964, -1.6490876)"
UR000131,El Rincón,Restaurantes,Sin definir,Joaquín Beunza 12,PAMPLONA,Cuenca de Pamplona,No definida,"(42.8220037, -1.6510559)"
uc000162,El Ruedo,Cafeterías,Segunda/1 Taza,Olite 4,PAMPLONA,Cuenca de Pamplona,No definida,"(42.4817239, -1.6493899)"
UR000136,El Txoko del Sadar,Restaurantes,Sin definir,Sadar 0 S/N,PAMPLONA,Cuenca de Pamplona,Asador,"(42.7966766, -1.6371204)"
UR000137,El Volante,Restaurantes,Sin definir,Merkatondoa 2,ESTELLA,Zona Media,Casera o regional,"(42.66368, -2.03243)"
UR000400,Enekorri,Restaurantes,Lujo/ 4 Tenedores,Tudela 14,PAMPLONA,Cuenca de Pamplona,"De autor, Innovadora","(25.9555423, -97.49219839999999)"
ur000108,Erburu,Restaurantes,Sin definir,Calle San Lorenzo 19,PAMPLONA,Cuenca de Pamplona,No definida,"(40.4248646, -3.6982029)"
UR001071,Europa,Restaurantes,Lujo/ 4 Tenedores,Calle Espoz y Mina 11,PAMPLONA,Cuenca de Pamplona,"Casera o regional, Innovadora","(42.8162102, -1.6417963)"
UR000038,Florida,Restaurantes,Sin definir,Av. de Carlos III el Noble Etorbidea 24,PAMPLONA,Cuenca de Pamplona,Casera o regional,"(42.812242, -1.6384513)"
UR131045,Florida,Restaurantes,Sin definir,De los Fueros 15 bajo,ESTELLA,Zona Media,"Casera o regional, De tapas y raciones","(42.8438787, -2.6699281)"
UR001022,Fosters Hollywood,Restaurantes,Tercera/1 tenedor,Paulino Caballero 5,PAMPLONA,Cuenca de Pamplona,"Internacional, Rápida","(42.8141631, -1.6416216)"
ur000486,Galar,Restaurantes,Sin definir,Joaquín Maya 15,PAMPLONA,Cuenca de Pamplona,Casera o regional,"(42.8146603, -1.648022)"
ur000767,Galeria,Restaurantes,Sin definir,Polígono Agustinos. Centro Com 0,PAMPLONA,Cuenca de Pamplona,Casera o regional,"(42.8307491, -1.6733266)"
UR001077,Gares,Restaurantes,Segunda/2 Tenedores,Los Fueros 38,PUENTE LA REINA,Zona Media,Casera o regional,"(40.3703304, -3.6907401)"
ur000462,Garralda,Restaurantes,Sin definir,Martín Azpilicueta 14,PAMPLONA,Cuenca de Pamplona,Casera o regional,"(42.8138573, -1.6627857)"
ur000436,Garrick,Restaurantes,Sin definir,Iturrama 20,PAMPLONA,Cuenca de Pamplona,Casera o regional,"(42.805359, -1.65405)"
ur000259,Goal,Restaurantes,Sin definir,Calle Jarauta 56,PAMPLONA,Cuenca de Pamplona,Casera o regional,"(20.6721404, -103.3315677)"
UR000162,Gran Muralla I,Restaurantes,Sin definir,Av. de Pío XII 2,PAMPLONA,Cuenca de Pamplona,Internacional,"(42.8133227, -1.6552718)"
ur000161,Hemingway,Restaurantes,Sin definir,Luis Morondo 15,PAMPLONA,Cuenca de Pamplona,No definida,"(42.8003824, -1.6462804)"
UR000941,Hostería del Temple,Restaurantes,Tercera/1 tenedor,Calle Curia 3,PAMPLONA,Cuenca de Pamplona,Casera o regional,"(42.8189325, -1.6425943)"
ur000748,Iceberg,Restaurantes,Sin definir,Barañain 64,PAMPLONA,Cuenca de Pamplona,Casera o regional,"(42.805586, -1.6731806)"
ur000075,Iranzu II,Restaurantes,Sin definir,Remiro Goñi 12,PAMPLONA,Cuenca de Pamplona,Casera o regional,"(42.8037792, -1.6743898)"
uc000141,Iruña,Cafeterías,Segunda/1 Taza,"Calle de Irunlarrea, 6-8",PAMPLONA,Cuenca de Pamplona,No definida,"(42.8077115, -1.6691608)"
uc000037,Iruñaberri,Cafeterías,Segunda/1 Taza,Av. de Pío XII 7,PAMPLONA,Cuenca de Pamplona,No definida,"(40.4611857, -3.6766094)"
UR000110,Iruñazarra,Restaurantes,Segunda/2 Tenedores,Calle Mercaderes 15,PAMPLONA,Cuenca de Pamplona,"Asador, Casera o regional, De tapas y raciones, Sidrería","(42.8184581, -1.6433032)"
uc000045,Itur,Cafeterías,Segunda/1 Taza,Mº de Urdax 49,PAMPLONA,Cuenca de Pamplona,No definida,"(43.2670688, -1.5045256)"
UR001093,Jakue,Restaurantes,Tercera/1 tenedor,Calle Irunbidea 34,PUENTE LA REINA,Zona Media,No definida,"(43.3381465, -1.7888495)"
ur000403,Jon,Restaurantes,Sin definir,Rinaldi 1,PAMPLONA,Cuenca de Pamplona,Casera o regional,"(40.7860498, -74.0493827)"
ur000836,Kalean Gora,Restaurantes,Sin definir,Tajonar 29,PAMPLONA,Cuenca de Pamplona,Sidrería,"(42.8046369, -1.6346456)"
UR000666,Kampei,Restaurantes,Segunda/2 Tenedores,Abejeras 26,PAMPLONA,Cuenca de Pamplona,Internacional,"(42.8041334, -1.6479805)"
UR000694,Kentucky Fried Chicken,Restaurantes,Tercera/1 tenedor,Av. de Pío XII 37,PAMPLONA,Cuenca de Pamplona,Rápida,"(42.8078009, -1.6594404)"
UR000286,Koishta,Restaurantes,Sin definir,Olite 35,PAMPLONA,Cuenca de Pamplona,No definida,"(42.4851701, -1.6562621)"
ur000621,Koppo,Restaurantes,Sin definir,Plaza del Vínculo 5,PAMPLONA,Cuenca de Pamplona,Casera o regional,"(42.81463919999999, -1.6445165)"
UR000203,La Aljama,Restaurantes,Sin definir,"La Rua, nº 6 0",ESTELLA,Zona Media,Casera o regional,"(30.417513, -87.23697)"
ur000270,La Bodega,Restaurantes,Sin definir,Martín Azpilicueta 6,PAMPLONA,Cuenca de Pamplona,Casera o regional,"(42.8149911, -1.6621847)"
uc000010,La Bolera,Cafeterías,Segunda/1 Taza,Bardenas Reales 1,PAMPLONA,Cuenca de Pamplona,No definida,"(42.1872313, -1.4821482)"
ur000821,La Bottega,Restaurantes,Sin definir,"Ermitagaña, 2 (Pasaje La Luna) 0",PAMPLONA,Cuenca de Pamplona,Internacional,"(42.8107722, -1.6633601)"
UR000734,La Cantinetta,Restaurantes,Segunda/2 Tenedores,Vuelta del Castillo 9,PAMPLONA,Cuenca de Pamplona,Internacional,"(42.8085511, -1.6506051)"
UR000002,La Cepa,Restaurantes,Segunda/2 Tenedores,"de los Fueros, 15-1º 0",ESTELLA,Zona Media,Asador,"(42.8438787, -2.6699281)"
UR000238,La Conrada,Restaurantes,Segunda/2 Tenedores,de los Fueros 17,PUENTE LA REINA,Zona Media,Casera o regional,"(42.8438787, -2.6699281)"
UR000915,La Fonda,Restaurantes,Sin definir,Bayona 3,PAMPLONA,Cuenca de Pamplona,Casera o regional,"(29.9573278, -90.0680667)"
UR000872,La Fonda de Tito,Restaurantes,Segunda/2 Tenedores,Calle Mayor 50,PUENTE LA REINA,Zona Media,Casera o regional,"(33.8080401, -118.3893071)"
ur000896,La Mafia se sienta a la mesa,Restaurantes,Sin definir,Calle Leyre 7,PAMPLONA,Cuenca de Pamplona,Internacional,"(42.8140501, -1.6391087)"
UR001046,La Mandarra de la Ramos,Restaurantes,Segunda/2 Tenedores,Calle San Nicolás 9 bajo,PAMPLONA,Cuenca de Pamplona,"Casera o regional, De tapas y raciones","(40.239909, -3.7673204)"
UR000992,La Mar Salada,Restaurantes,Sin definir,Calle Leyre 12,PAMPLONA,Cuenca de Pamplona,Innovadora,"(42.8145321, -1.6386752)"
UR000976,La Nuez,Restaurantes,Segunda/2 Tenedores,Calle Taconera 4 bajo,PAMPLONA,Cuenca de Pamplona,Internacional,"(42.8159089, -1.6478535)"
ur000525,La Olla,Restaurantes,Sin definir,Roncesvalles 2,PAMPLONA,Cuenca de Pamplona,Casera o regional,"(43.0169504, -1.3035514)"
ur000320,La Oreja,Restaurantes,Sin definir,Calle Jarauta 19,PAMPLONA,Cuenca de Pamplona,Casera o regional,"(20.6713076, -103.3320545)"
UR000095,La Plaza,Restaurantes,Sin definir,Calle Mayor 52,PUENTE LA REINA,Zona Media,Casera o regional,"(33.8080372, -118.389302)"
ur000139,La Plaza,Restaurantes,Sin definir,Travesía Tafalla 3,PAMPLONA,Cuenca de Pamplona,Casera o regional,"(42.8128758, -1.6355215)"
uc000144,La Posada,Cafeterías,Segunda/1 Taza,"Iturrama, 16-18 0",PAMPLONA,Cuenca de Pamplona,No definida,"(42.8061837, -1.6528694)"
uc000072,La Rocha,Cafeterías,Segunda/1 Taza,"Marcelo Celayeta, 20-22 0",PAMPLONA,Cuenca de Pamplona,No definida,"(42.8259588, -1.654428)"
UR000513,La Runa,Restaurantes,Sin definir,Errotazar 26,PAMPLONA,Cuenca de Pamplona,Sidrería,"(42.82352789999999, -1.645708)"
UR001037,La Sangiovesa,Restaurantes,Segunda/2 Tenedores,García Castañón 6 bajo,PAMPLONA,Cuenca de Pamplona,Italiano,"(42.8148179, -1.6440044)"
UR000538,La Servicial Vinicola,Restaurantes,Sin definir,Navarro Villoslada 11,PAMPLONA,Cuenca de Pamplona,Casera o regional,"(42.8114256, -1.6417614)"
UR001025,La Tagliatella,Restaurantes,Segunda/2 Tenedores,Pl. del Castillo 37,PAMPLONA,Cuenca de Pamplona,Internacional,"(42.81695200000001, -1.6436083)"
UR000138,La Taula,Restaurantes,Tercera/1 tenedor,"Parque de los Enamorados, 18-1 0",PAMPLONA,Cuenca de Pamplona,Casera o regional,"(42.8244131, -1.6535059)"
UC000173,La Terraza del Labrit,Cafeterías,Segunda/1 Taza,Tejería 18,PAMPLONA,Cuenca de Pamplona,Rápida,"(40.36246999999999, -0.4499034)"
UR0001081,La Torreta,Restaurantes,Tercera/1 tenedor,Mayor 64,PUENTE LA REINA,Zona Media,No definida,"(35.2894921, -95.5822563)"
UR000952,La trastienda del colmado,Restaurantes,Sin definir,Iturralde y Suit 24 bajo,PAMPLONA,Cuenca de Pamplona,Innovadora,"(42.8114499, -1.6336809)"
ur000788,La Trattoria,Restaurantes,Sin definir,Av. de Pío XII 24,PAMPLONA,Cuenca de Pamplona,Internacional,"(42.8079065, -1.660234)"
ur000477,La Unión,Restaurantes,Sin definir,Villava 10,PAMPLONA,Cuenca de Pamplona,Casera o regional,"(42.8314377, -1.6123283)"
ur000590,La Vieja Iruña,Restaurantes,Sin definir,Calle San Nicolás 40 bajo,PAMPLONA,Cuenca de Pamplona,"Casera o regional, De autor, De tapas y raciones","(43.5229729, -5.671802)"
UR000030,La Viña,Restaurantes,Sin definir,Calle Jarauta 8,PAMPLONA,Cuenca de Pamplona,No definida,"(20.6710797, -103.3319071)"
uc000090,Lakora,Cafeterías,Segunda/1 Taza,Av. de Pío XII 34,PAMPLONA,Cuenca de Pamplona,No definida,"(40.4668743, -3.6742675)"
ur000369,Lanzale,Restaurantes,Sin definir,Calle San Lorenzo 31,PAMPLONA,Cuenca de Pamplona,Casera o regional,"(40.3527467, -3.9014156)"
UR000135,Le Mans,Restaurantes,Sin definir,Monasterio de Urdax 0 S/N,PAMPLONA,Cuenca de Pamplona,No definida,"(43.2661126, -1.5029705)"
ur000738,Level-10,Restaurantes,Sin definir,Padre Adoain 223,PAMPLONA,Cuenca de Pamplona,Rápida,"(42.8307244, -1.6385611)"
uc000042,Lido,Cafeterías,Segunda/1 Taza,Virgen del Soto 2,PAMPLONA,Cuenca de Pamplona,No definida,"(42.8010507, -1.6700935)"
UR001064,Lizarra,Restaurantes,Segunda/2 Tenedores,"Paraje Ordoiz, s/n ",ESTELLA,Zona Media,Casera o regional,"(42.6569072, -2.0166291)"
ur000494,Los Alfares,Restaurantes,Sin definir,Avenida Sancho el Fuerte 32,PAMPLONA,Cuenca de Pamplona,Casera o regional,"(42.8119107, -1.6615911)"
uc000101,Los Vieneses,Cafeterías,Segunda/1 Taza,Calle de Acella 15,PAMPLONA,Cuenca de Pamplona,No definida,"(42.8092376, -1.6603967)"
ur000374,Manolo,Restaurantes,Sin definir,Santa Engracia 7,PAMPLONA,Cuenca de Pamplona,Casera o regional,"(40.4290185, -3.6963731)"
ur000102,Mc Donalds Yamaguchi,Restaurantes,Sin definir,Barañain 23,PAMPLONA,Cuenca de Pamplona,Rápida,"(42.8041023, -1.6846077)"
UR000057,Mei Mei,Restaurantes,Segunda/2 Tenedores,Yanguas y Miranda 21,PAMPLONA,Cuenca de Pamplona,No definida,"(42.8118178, -1.6448005)"
UR000892,Melbourne,Restaurantes,Sin definir,Olite 36,PAMPLONA,Cuenca de Pamplona,Casera o regional,"(42.81071300000001, -1.6339725)"
uc000129,Mendebaldea,Cafeterías,Primera/2 Tazas,Calle de Irunlarrea 5,PAMPLONA,Cuenca de Pamplona,No definida,"(42.80739, -1.669879)"
ur000483,Mesón del Barro,Restaurantes,Sin definir,"Frente a la Clínica Universitaria de, Calle de Acella, 2",PAMPLONA,Cuenca de Pamplona,Asador,"(42.8060937, -1.6627761)"
ur000405,Mesón El Burladero,Restaurantes,Sin definir,"Calle Emilio Arrieta, 9 bis 0",PAMPLONA,Cuenca de Pamplona,Casera o regional,"(42.8149447, -1.6391304)"
ur000898,Mesón La Cuchara,Restaurantes,Sin definir,Remiro de Goñi 26,PAMPLONA,Cuenca de Pamplona,Casera o regional,"(42.802871, -1.6775658)"
ur000501,Mikael,Restaurantes,Sin definir,Calle de Francisco Bergamin Kalea17,PAMPLONA,Cuenca de Pamplona,Casera o regional,"(42.81188, -1.6403062)"
uc000130,Milan,Cafeterías,Segunda/1 Taza,Tafalla 6,PAMPLONA,Cuenca de Pamplona,No definida,"(42.5207438, -1.6768866)"
UR001008,Mister Wok,Restaurantes,Tercera/1 tenedor,Río Arga 18 bajo,PAMPLONA,Cuenca de Pamplona,Internacional,"(42.8219974, -1.6530431)"
UR001080,Molino de Caparroso,Restaurantes,Segunda/2 Tenedores,"Caparroso, s/n 0",PAMPLONA,Cuenca de Pamplona,Casera o regional,"(42.33888, -1.64524)"
ur000193,Montón,Restaurantes,Sin definir,Calle Jarauta 29,PAMPLONA,Cuenca de Pamplona,No definida,"(20.6714594, -103.3319713)"
ur000297,Mulan,Restaurantes,Sin definir,"Monasterio de Azuelo, nº 2 0",PAMPLONA,Cuenca de Pamplona,Internacional,"(42.8150945, -1.6592179)"
UR000974,Ñam,Restaurantes,Sin definir,Paseo Sarasate 28,PAMPLONA,Cuenca de Pamplona,Casera o regional,"(42.8154003, -1.6459011)"
UR000385,Navarra,Restaurantes,Segunda/2 Tenedores,Gustavo de Maeztu 16,ESTELLA,Zona Media,Casera o regional,"(42.669463, -2.0354156)"
UR001105,Nh Iruña Park,Restaurantes,Tercera/1 tenedor,Arcadio Mª Larraona 1,PAMPLONA,Cuenca de Pamplona,"Casera o regional, Rápida","(42.8114463, -1.6638476)"
UR000688,Obas,Restaurantes,Segunda/2 Tenedores,"Calle de Irunlarrea, 6-8 0",PAMPLONA,Cuenca de Pamplona,Casera o regional,"(42.8077115, -1.6691608)"
ur000234,Oiat,Restaurantes,Sin definir,Navarrería 4,PAMPLONA,Cuenca de Pamplona,No definida,"(42.8191486, -1.6428098)"
uc000170,Okapi,Cafeterías,Segunda/1 Taza,Pl. del Castillo 11,PAMPLONA,Cuenca de Pamplona,No definida,"(42.8169613, -1.6419751)"
ur000511,Olazti,Restaurantes,Sin definir,Calle Mayor 51,PAMPLONA,Cuenca de Pamplona,Casera o regional,"(33.8083452, -118.3890617)"
uc000003,Orbela,Cafeterías,Segunda/1 Taza,Santo Domingo 4,PAMPLONA,Cuenca de Pamplona,No definida,"(18.476673, -69.9572273)"
uc000137,Osiris,Cafeterías,Segunda/1 Taza,"Calle de Irunlarrea, 5-trasera 0",PAMPLONA,Cuenca de Pamplona,No definida,"(42.80739, -1.669879)"
ur000755,Ostargi,Restaurantes,Sin definir,"de Sarriguren, 2-4 0",PAMPLONA,Cuenca de Pamplona,Casera o regional,"(42.8127607, -1.5980928)"
UR000863,Pabellón Deportivo de Estella-Lizarra,Restaurantes,Sin definir,Calle La Merindad 2,ESTELLA,Zona Media,Casera o regional,"(42.6713816, -2.0369629)"
uc000084,Palace,Cafeterías,Segunda/1 Taza,Estella 3,PAMPLONA,Cuenca de Pamplona,No definida,"(40.8543343, -74.2538112)"
ur000452,Palacio Chino,Restaurantes,Sin definir,"Calle de la Estafeta, 73-1º ",PAMPLONA,Cuenca de Pamplona,Internacional,"(42.8166178, -1.6413587)"
UR001091,Palacio Guendulain,Restaurantes,Primera/3 tenedores,Calle de Zapatería 53,PAMPLONA,Cuenca de Pamplona,Casera o regional,"(42.8165519, -1.6452941)"
ur000451,Payvi-2,Restaurantes,Sin definir,"Av. de Pío XII, 30 trasera 0",PAMPLONA,Cuenca de Pamplona,Casera o regional,"(42.8071263, -1.6612861)"
uc000097,Peruggia,Cafeterías,Segunda/1 Taza,Torralba del Río 1,PAMPLONA,Cuenca de Pamplona,No definida,"(42.8240027, -1.6310161)"
ur000500,Pizzeria La Bocatta,Restaurantes,Sin definir,Bayona 3,PAMPLONA,Cuenca de Pamplona,Internacional,"(29.9573278, -90.0680667)"
ur000498,Pizzeria Monza,Restaurantes,Sin definir,Malón de Chaide 11,PAMPLONA,Cuenca de Pamplona,Internacional,"(42.8087769, -1.6667841)"
uc000056,Planeta-1,Cafeterías,Segunda/1 Taza,"Sancho Ramírez, 11-13 0",PAMPLONA,Cuenca de Pamplona,No definida,"(42.8075325, -1.6644136)"
uc000143,Principe,Cafeterías,Segunda/1 Taza,Tajonar 12,PAMPLONA,Cuenca de Pamplona,No definida,"(42.8050866, -1.6353633)"
ur000739,Quinto Real,Restaurantes,Sin definir,Villava 14,PAMPLONA,Cuenca de Pamplona,Casera o regional,"(42.8301994, -1.6099749)"
UR001026,Qwerty,Restaurantes,Segunda/2 Tenedores,Calle Mercaderes 18,PAMPLONA,Cuenca de Pamplona,De autor,"(42.8186659, -1.6426578)"
uc000139,Rey Sancho,Cafeterías,Segunda/1 Taza,"Sancho el Fuerte, 14-16 0",PAMPLONA,Cuenca de Pamplona,No definida,"(42.8088476, -1.6520513)"
UR000278,Richard,Restaurantes,Segunda/2 Tenedores,Yerri 10,ESTELLA,Zona Media,Casera o regional,"(42.6748878, -2.0352534)"
UR111018,Rickys Pizza,Restaurantes,Sin definir,Fco. Javier Saenz de Oiza 108,PAMPLONA,Cuenca de Pamplona,Rápida,"(42.82782640000001, -1.6603293)"
UC000181,Río,Cafeterías,Segunda/1 Taza,Calle San Nicolás 15 17,PAMPLONA,Cuenca de Pamplona,Casera o regional,"(42.8163621, -1.6444106)"
UR000363,Rochas,Restaurantes,Sin definir,Plaza Principe de Viana 16,ESTELLA,Zona Media,Casera o regional,"(42.8129225, -1.6432369)"
ur000216,Rodero,Restaurantes,Sin definir,Calle Emilio Arrieta 3,PAMPLONA,Cuenca de Pamplona,No definida,"(42.8158115, -1.6372965)"
UR001003,Roncesvalles,Restaurantes,Sin definir,Roncesvalles 2,PAMPLONA,Cuenca de Pamplona,Internacional,"(43.0169504, -1.3035514)"
uc000062,Rumbos,Cafeterías,Segunda/1 Taza,Pio XII 34,PAMPLONA,Cuenca de Pamplona,No definida,"(40.4668743, -3.6742675)"
uc000086,Rumbos,Cafeterías,Segunda/1 Taza,Av. de Carlos III el Noble Etorbidea 34,PAMPLONA,Cuenca de Pamplona,No definida,"(42.8113593, -1.6374873)"
UR000111,San Fermín,Restaurantes,Segunda/2 Tenedores,"Calle San Nicolás, 44-46 0 1º Dcha.",PAMPLONA,Cuenca de Pamplona,Casera o regional,"(42.816259, -1.644789)"
UR000331,San Ignacio,Restaurantes,Segunda/2 Tenedores,"San Ignacio, 4-2º 0",PAMPLONA,Cuenca de Pamplona,Casera o regional,"(42.81524050000001, -1.6432667)"
UR000914,San Nicolás - Cocina Vasca,Restaurantes,Sin definir,Calle San Nicolás 13,PAMPLONA,Cuenca de Pamplona,Casera o regional,"(36.718842, -4.4117289)"
UR000035,Sarasate,Restaurantes,Tercera/1 tenedor,"Calle San Nicolás, 19-21, 1º Izda. 0",PAMPLONA,Cuenca de Pamplona,Vegetariana,"(42.8162483, -1.6444231)"
uc000166,Shamrock,Cafeterías,Segunda/1 Taza,Félix Huarte 3,PAMPLONA,Cuenca de Pamplona,No definida,"(42.8039111, -1.6540873)"
UR000935,Sibaris,Restaurantes,Sin definir,Monte Monjardín 12,PAMPLONA,Cuenca de Pamplona,Innovadora,"(42.808318, -1.6335932)"
UR000084,Sidrería Auzmendi Sagardotegia,Restaurantes,Sin definir,Joaquin Beunza 17 bis,PAMPLONA,Cuenca de Pamplona,Sidrería,"(42.8222131, -1.6521734)"
UR001055,Sidrería Chez Belagua,Restaurantes,Segunda/2 Tenedores,"Calle de la Estafeta, 49/51",PAMPLONA,Cuenca de Pamplona,Sidrería,"(42.8171866, -1.6418701)"
ur000155,Sidrería Pil-Pil,Restaurantes,Segunda/2 Tenedores,Travesía de Acella 3,PAMPLONA,Cuenca de Pamplona,Sidrería,"(42.8063859, -1.6633542)"
uc000065,Slalom,Cafeterías,Segunda/1 Taza,Pintor Crispín 2,PAMPLONA,Cuenca de Pamplona,No definida,"(42.8077649, -1.6560417)"
uc000140,Sorgintze,Cafeterías,Segunda/1 Taza,"Travesía Juan María Guelbenzu, 35-37 ",PAMPLONA,Cuenca de Pamplona,No definida,"(42.8049197, -1.6413437)"
uc000011,Stadium,Cafeterías,Segunda/1 Taza,San Fermín 69,PAMPLONA,Cuenca de Pamplona,No definida,"(42.8097321, -1.6426389)"
UR000920,Stik-Bol,Restaurantes,Tercera/1 tenedor,Iturralde y Suit 9,PAMPLONA,Cuenca de Pamplona,Casera o regional,"(42.8108044, -1.6344602)"
UR000959,Sur,Restaurantes,Sin definir,Marcelo Celayeta 128,PAMPLONA,Cuenca de Pamplona,Internacional,"(42.8299369, -1.6429233)"
UR000987,Tabla Tomasa,Restaurantes,Sin definir,Virgen del Puy 4 bajo,PAMPLONA,Cuenca de Pamplona,Internacional,"(42.8167915, -1.6599287)"
UR000151,Tallunce,Restaurantes,Segunda/2 Tenedores,Campus Universitario  (Comedor 0,PAMPLONA,Cuenca de Pamplona,Casera o regional,"(40.3430942, -74.65507389999999)"
UR000020,Telepizza,Restaurantes,Sin definir,Sancho el Fuerte 81,PAMPLONA,Cuenca de Pamplona,Rápida,"(42.8114395, -1.6616845)"
UR000040,Telepizza,Restaurantes,Sin definir,Ororbia 6,PAMPLONA,Cuenca de Pamplona,No definida,"(42.8319829, -1.6316402)"
UR000837,Telepizza,Restaurantes,Sin definir,Bergamín 12,PAMPLONA,Cuenca de Pamplona,Rápida,"(40.41036099999999, -3.6382526)"
ur000069,Tío Tapas,Restaurantes,Sin definir,Avda Barañain s/n (Centro come 0,PAMPLONA,Cuenca de Pamplona,No definida,"(42.8064687, -1.6729612)"
uc000108,Tip-top,Cafeterías,Segunda/1 Taza,Av. de Zaragoza 17,PAMPLONA,Cuenca de Pamplona,No definida,"(19.0414398, -98.2062727)"
uc000109,Tip-top,Cafeterías,Segunda/1 Taza,Mº. de Azuelo 1,PAMPLONA,Cuenca de Pamplona,No definida,"(42.6086982, -2.3495943)"
uc000128,Tip-top,Cafeterías,Segunda/1 Taza,"Tajonar, 6 -Ed.1 Fuerte Princi 0",PAMPLONA,Cuenca de Pamplona,No definida,"(42.79649209999999, -1.6293898)"
ur000908,Tokio,Restaurantes,Sin definir,Joaquín Maya 15,PAMPLONA,Cuenca de Pamplona,Internacional,"(42.8146603, -1.648022)"
UC000014,Tres Reyes,Cafeterías,Primera/2 Tazas,Calle Taconera 0,PAMPLONA,Cuenca de Pamplona,No definida,"(42.8158132, -1.6491451)"
UR001078,Tres Reyes,Restaurantes,Lujo/ 4 Tenedores,Jardines de la Taconera s/n 0,PAMPLONA,Cuenca de Pamplona,Casera o regional,"(42.8169877, -1.6513931)"
ur000496,Txiki Jai,Restaurantes,Sin definir,"Esquiroz, 25 Trasera 0",PAMPLONA,Cuenca de Pamplona,Casera o regional,"(42.8053627, -1.6503743)"
UR001110,Tximista,Restaurantes,Primera/3 tenedores,Zaldu 15,ESTELLA,Zona Media,No definida,"(42.6786766, -2.0374243)"
ur000134,Urdax,Restaurantes,Sin definir,Mº. de Urdax 45,PAMPLONA,Cuenca de Pamplona,Casera o regional,"(43.2670688, -1.5045256)"
UR000037,Venta de Andrés,Restaurantes,Sin definir,Av. de Aróstegui 2 S/N,PAMPLONA,Cuenca de Pamplona,Casera o regional,"(42.7945223, -1.6815368)"
uc000163,Via Veneto,Cafeterías,Segunda/1 Taza,Padre Barace 1,PAMPLONA,Cuenca de Pamplona,No definida,"(42.80563679999999, -1.6465839)"
UR080955,Wok,Restaurantes,Sin definir,Puente Miluce 4 bajo,PAMPLONA,Cuenca de Pamplona,Internacional,"(42.8059525, -1.6739702)"
UR000206,Yanguas,Restaurantes,Segunda/2 Tenedores,Yanguas y Miranda 21,PAMPLONA,Cuenca de Pamplona,No definida,"(42.8118178, -1.6448005)"
UR001066,Yerri,Restaurantes,Segunda/2 Tenedores,Yerri 35,ESTELLA,Zona Media,Casera o regional,"(42.6768446, -2.0358159)"
UR000859,Yon,Restaurantes,Segunda/2 Tenedores,Polígono Landaben C/D 0 S/N,PAMPLONA,Cuenca de Pamplona,Casera o regional,"(42.80973059999999, -1.6883555)"
uc000114,Yuste,Cafeterías,Segunda/1 Taza,Serafín Olave 25,PAMPLONA,Cuenca de Pamplona,No definida,"(42.8068473, -1.6525021)"
uc000131,Zapata,Cafeterías,Segunda/1 Taza,Virgen del Puy 11,PAMPLONA,Cuenca de Pamplona,No definida,"(42.8166913, -1.6594456)"
